STATION,NAME,DATE,TAVG
USW00023183,"PHOENIX AIRPORT, AZ US",5/1/2014,79
USW00023183,"PHOENIX AIRPORT, AZ US",5/2/2014,82
USW00023183,"PHOENIX AIRPORT, AZ US",5/3/2014,84
USW00023183,"PHOENIX AIRPORT, AZ US",5/4/2014,87
USW00023183,"PHOENIX AIRPORT, AZ US",5/5/2014,86
USW00023183,"PHOENIX AIRPORT, AZ US",5/6/2014,81
USW00023183,"PHOENIX AIRPORT, AZ US",5/7/2014,69
USW00023183,"PHOENIX AIRPORT, AZ US",5/8/2014,73
USW00023183,"PHOENIX AIRPORT, AZ US",5/9/2014,76
USW00023183,"PHOENIX AIRPORT, AZ US",5/10/2014,79
USW00023183,"PHOENIX AIRPORT, AZ US",5/11/2014,79
USW00023183,"PHOENIX AIRPORT, AZ US",5/12/2014,76
USW00023183,"PHOENIX AIRPORT, AZ US",5/13/2014,79
USW00023183,"PHOENIX AIRPORT, AZ US",5/14/2014,82
USW00023183,"PHOENIX AIRPORT, AZ US",5/15/2014,84
USW00023183,"PHOENIX AIRPORT, AZ US",5/16/2014,88
USW00023183,"PHOENIX AIRPORT, AZ US",5/17/2014,91
USW00023183,"PHOENIX AIRPORT, AZ US",5/18/2014,88
USW00023183,"PHOENIX AIRPORT, AZ US",5/19/2014,88
USW00023183,"PHOENIX AIRPORT, AZ US",5/20/2014,86
USW00023183,"PHOENIX AIRPORT, AZ US",5/21/2014,81
USW00023183,"PHOENIX AIRPORT, AZ US",5/22/2014,79
USW00023183,"PHOENIX AIRPORT, AZ US",5/23/2014,80
USW00023183,"PHOENIX AIRPORT, AZ US",5/24/2014,80
USW00023183,"PHOENIX AIRPORT, AZ US",5/25/2014,86
USW00023183,"PHOENIX AIRPORT, AZ US",5/26/2014,89
USW00023183,"PHOENIX AIRPORT, AZ US",5/27/2014,93
USW00023183,"PHOENIX AIRPORT, AZ US",5/28/2014,94
USW00023183,"PHOENIX AIRPORT, AZ US",5/29/2014,93
USW00023183,"PHOENIX AIRPORT, AZ US",5/30/2014,92
USW00023183,"PHOENIX AIRPORT, AZ US",5/31/2014,95
USW00023183,"PHOENIX AIRPORT, AZ US",6/1/2014,94
USW00023183,"PHOENIX AIRPORT, AZ US",6/2/2014,94
USW00023183,"PHOENIX AIRPORT, AZ US",6/3/2014,96
USW00023183,"PHOENIX AIRPORT, AZ US",6/4/2014,94
USW00023183,"PHOENIX AIRPORT, AZ US",6/5/2014,93
USW00023183,"PHOENIX AIRPORT, AZ US",6/6/2014,92
USW00023183,"PHOENIX AIRPORT, AZ US",6/7/2014,93
USW00023183,"PHOENIX AIRPORT, AZ US",6/8/2014,93
USW00023183,"PHOENIX AIRPORT, AZ US",6/9/2014,95
USW00023183,"PHOENIX AIRPORT, AZ US",6/10/2014,97
USW00023183,"PHOENIX AIRPORT, AZ US",6/11/2014,96
USW00023183,"PHOENIX AIRPORT, AZ US",6/12/2014,94
USW00023183,"PHOENIX AIRPORT, AZ US",6/13/2014,98
USW00023183,"PHOENIX AIRPORT, AZ US",6/14/2014,96
USW00023183,"PHOENIX AIRPORT, AZ US",6/15/2014,90
USW00023183,"PHOENIX AIRPORT, AZ US",6/16/2014,90
USW00023183,"PHOENIX AIRPORT, AZ US",6/17/2014,94
USW00023183,"PHOENIX AIRPORT, AZ US",6/18/2014,92
USW00023183,"PHOENIX AIRPORT, AZ US",6/19/2014,90
USW00023183,"PHOENIX AIRPORT, AZ US",6/20/2014,94
USW00023183,"PHOENIX AIRPORT, AZ US",6/21/2014,97
USW00023183,"PHOENIX AIRPORT, AZ US",6/22/2014,97
USW00023183,"PHOENIX AIRPORT, AZ US",6/23/2014,94
USW00023183,"PHOENIX AIRPORT, AZ US",6/24/2014,94
USW00023183,"PHOENIX AIRPORT, AZ US",6/25/2014,95
USW00023183,"PHOENIX AIRPORT, AZ US",6/26/2014,95
USW00023183,"PHOENIX AIRPORT, AZ US",6/27/2014,94
USW00023183,"PHOENIX AIRPORT, AZ US",6/28/2014,94
USW00023183,"PHOENIX AIRPORT, AZ US",6/29/2014,98
USW00023183,"PHOENIX AIRPORT, AZ US",6/30/2014,99
USW00023183,"PHOENIX AIRPORT, AZ US",7/1/2014,98
USW00023183,"PHOENIX AIRPORT, AZ US",7/2/2014,99
USW00023183,"PHOENIX AIRPORT, AZ US",7/3/2014,99
USW00023183,"PHOENIX AIRPORT, AZ US",7/4/2014,89
USW00023183,"PHOENIX AIRPORT, AZ US",7/5/2014,93
USW00023183,"PHOENIX AIRPORT, AZ US",7/6/2014,93
USW00023183,"PHOENIX AIRPORT, AZ US",7/7/2014,95
USW00023183,"PHOENIX AIRPORT, AZ US",7/8/2014,94
USW00023183,"PHOENIX AIRPORT, AZ US",7/9/2014,92
USW00023183,"PHOENIX AIRPORT, AZ US",7/10/2014,94
USW00023183,"PHOENIX AIRPORT, AZ US",7/11/2014,97
USW00023183,"PHOENIX AIRPORT, AZ US",7/12/2014,98
USW00023183,"PHOENIX AIRPORT, AZ US",7/13/2014,98
USW00023183,"PHOENIX AIRPORT, AZ US",7/14/2014,90
USW00023183,"PHOENIX AIRPORT, AZ US",7/15/2014,93
USW00023183,"PHOENIX AIRPORT, AZ US",7/16/2014,92
USW00023183,"PHOENIX AIRPORT, AZ US",7/17/2014,96
USW00023183,"PHOENIX AIRPORT, AZ US",7/18/2014,95
USW00023183,"PHOENIX AIRPORT, AZ US",7/19/2014,96
USW00023183,"PHOENIX AIRPORT, AZ US",7/20/2014,96
USW00023183,"PHOENIX AIRPORT, AZ US",7/21/2014,97
USW00023183,"PHOENIX AIRPORT, AZ US",7/22/2014,98
USW00023183,"PHOENIX AIRPORT, AZ US",7/23/2014,104
USW00023183,"PHOENIX AIRPORT, AZ US",7/24/2014,104
USW00023183,"PHOENIX AIRPORT, AZ US",7/25/2014,101
USW00023183,"PHOENIX AIRPORT, AZ US",7/26/2014,93
USW00023183,"PHOENIX AIRPORT, AZ US",7/27/2014,95
USW00023183,"PHOENIX AIRPORT, AZ US",7/28/2014,95
USW00023183,"PHOENIX AIRPORT, AZ US",7/29/2014,100
USW00023183,"PHOENIX AIRPORT, AZ US",7/30/2014,101
USW00023183,"PHOENIX AIRPORT, AZ US",7/31/2014,100
USW00023183,"PHOENIX AIRPORT, AZ US",8/1/2014,92
USW00023183,"PHOENIX AIRPORT, AZ US",8/2/2014,90
USW00023183,"PHOENIX AIRPORT, AZ US",8/3/2014,87
USW00023183,"PHOENIX AIRPORT, AZ US",8/4/2014,90
USW00023183,"PHOENIX AIRPORT, AZ US",8/5/2014,93
USW00023183,"PHOENIX AIRPORT, AZ US",8/6/2014,96
USW00023183,"PHOENIX AIRPORT, AZ US",8/7/2014,95
USW00023183,"PHOENIX AIRPORT, AZ US",8/8/2014,96
USW00023183,"PHOENIX AIRPORT, AZ US",8/9/2014,94
USW00023183,"PHOENIX AIRPORT, AZ US",8/10/2014,94
USW00023183,"PHOENIX AIRPORT, AZ US",8/11/2014,97
USW00023183,"PHOENIX AIRPORT, AZ US",8/12/2014,94
USW00023183,"PHOENIX AIRPORT, AZ US",8/13/2014,82
USW00023183,"PHOENIX AIRPORT, AZ US",8/14/2014,91
USW00023183,"PHOENIX AIRPORT, AZ US",8/15/2014,92
USW00023183,"PHOENIX AIRPORT, AZ US",8/16/2014,95
USW00023183,"PHOENIX AIRPORT, AZ US",8/17/2014,98
USW00023183,"PHOENIX AIRPORT, AZ US",8/18/2014,91
USW00023183,"PHOENIX AIRPORT, AZ US",8/19/2014,87
USW00023183,"PHOENIX AIRPORT, AZ US",8/20/2014,83
USW00023183,"PHOENIX AIRPORT, AZ US",8/21/2014,87
USW00023183,"PHOENIX AIRPORT, AZ US",8/22/2014,80
USW00023183,"PHOENIX AIRPORT, AZ US",8/23/2014,86
USW00023183,"PHOENIX AIRPORT, AZ US",8/24/2014,91
USW00023183,"PHOENIX AIRPORT, AZ US",8/25/2014,93
USW00023183,"PHOENIX AIRPORT, AZ US",8/26/2014,90
USW00023183,"PHOENIX AIRPORT, AZ US",8/27/2014,91
USW00023183,"PHOENIX AIRPORT, AZ US",8/28/2014,94
USW00023183,"PHOENIX AIRPORT, AZ US",8/29/2014,96
USW00023183,"PHOENIX AIRPORT, AZ US",8/30/2014,96
USW00023183,"PHOENIX AIRPORT, AZ US",8/31/2014,97
USW00023183,"PHOENIX AIRPORT, AZ US",9/1/2014,95
USW00023183,"PHOENIX AIRPORT, AZ US",9/2/2014,96
USW00023183,"PHOENIX AIRPORT, AZ US",9/3/2014,96
USW00023183,"PHOENIX AIRPORT, AZ US",9/4/2014,98
USW00023183,"PHOENIX AIRPORT, AZ US",9/5/2014,90
USW00023183,"PHOENIX AIRPORT, AZ US",9/6/2014,94
USW00023183,"PHOENIX AIRPORT, AZ US",9/7/2014,92
USW00023183,"PHOENIX AIRPORT, AZ US",9/8/2014,84
USW00023183,"PHOENIX AIRPORT, AZ US",9/9/2014,84
USW00023183,"PHOENIX AIRPORT, AZ US",9/10/2014,85
USW00023183,"PHOENIX AIRPORT, AZ US",9/11/2014,88
USW00023183,"PHOENIX AIRPORT, AZ US",9/12/2014,91
USW00023183,"PHOENIX AIRPORT, AZ US",9/13/2014,93
USW00023183,"PHOENIX AIRPORT, AZ US",9/14/2014,92
USW00023183,"PHOENIX AIRPORT, AZ US",9/15/2014,94
USW00023183,"PHOENIX AIRPORT, AZ US",9/16/2014,90
USW00023183,"PHOENIX AIRPORT, AZ US",9/17/2014,84
USW00023183,"PHOENIX AIRPORT, AZ US",9/18/2014,85
USW00023183,"PHOENIX AIRPORT, AZ US",9/19/2014,89
USW00023183,"PHOENIX AIRPORT, AZ US",9/20/2014,90
USW00023183,"PHOENIX AIRPORT, AZ US",9/21/2014,89
USW00023183,"PHOENIX AIRPORT, AZ US",9/22/2014,90
USW00023183,"PHOENIX AIRPORT, AZ US",9/23/2014,90
USW00023183,"PHOENIX AIRPORT, AZ US",9/24/2014,90
USW00023183,"PHOENIX AIRPORT, AZ US",9/25/2014,93
USW00023183,"PHOENIX AIRPORT, AZ US",9/26/2014,92
USW00023183,"PHOENIX AIRPORT, AZ US",9/27/2014,84
USW00023183,"PHOENIX AIRPORT, AZ US",9/28/2014,76
USW00023183,"PHOENIX AIRPORT, AZ US",9/29/2014,78
USW00023183,"PHOENIX AIRPORT, AZ US",9/30/2014,78
USW00023183,"PHOENIX AIRPORT, AZ US",10/1/2014,78
USW00023183,"PHOENIX AIRPORT, AZ US",10/2/2014,80
USW00023183,"PHOENIX AIRPORT, AZ US",10/3/2014,82
USW00023183,"PHOENIX AIRPORT, AZ US",10/4/2014,84
USW00023183,"PHOENIX AIRPORT, AZ US",10/5/2014,83
USW00023183,"PHOENIX AIRPORT, AZ US",10/6/2014,82
USW00023183,"PHOENIX AIRPORT, AZ US",10/7/2014,81
USW00023183,"PHOENIX AIRPORT, AZ US",10/8/2014,78
USW00023183,"PHOENIX AIRPORT, AZ US",10/9/2014,74
USW00023183,"PHOENIX AIRPORT, AZ US",10/10/2014,77
USW00023183,"PHOENIX AIRPORT, AZ US",10/11/2014,80
USW00023183,"PHOENIX AIRPORT, AZ US",10/12/2014,81
USW00023183,"PHOENIX AIRPORT, AZ US",10/13/2014,80
USW00023183,"PHOENIX AIRPORT, AZ US",10/14/2014,78
USW00023183,"PHOENIX AIRPORT, AZ US",10/15/2014,80
USW00023183,"PHOENIX AIRPORT, AZ US",10/16/2014,79
USW00023183,"PHOENIX AIRPORT, AZ US",10/17/2014,78
USW00023183,"PHOENIX AIRPORT, AZ US",10/18/2014,79
USW00023183,"PHOENIX AIRPORT, AZ US",10/19/2014,81
USW00023183,"PHOENIX AIRPORT, AZ US",10/20/2014,77
USW00023183,"PHOENIX AIRPORT, AZ US",10/21/2014,79
USW00023183,"PHOENIX AIRPORT, AZ US",10/22/2014,79
USW00023183,"PHOENIX AIRPORT, AZ US",10/23/2014,80
USW00023183,"PHOENIX AIRPORT, AZ US",10/24/2014,81
USW00023183,"PHOENIX AIRPORT, AZ US",10/25/2014,83
USW00023183,"PHOENIX AIRPORT, AZ US",10/26/2014,81
USW00023183,"PHOENIX AIRPORT, AZ US",10/27/2014,80
USW00023183,"PHOENIX AIRPORT, AZ US",10/28/2014,76
USW00023183,"PHOENIX AIRPORT, AZ US",10/29/2014,76
USW00023183,"PHOENIX AIRPORT, AZ US",10/30/2014,78
USW00023183,"PHOENIX AIRPORT, AZ US",10/31/2014,79
USW00023183,"PHOENIX AIRPORT, AZ US",11/1/2014,78
USW00023183,"PHOENIX AIRPORT, AZ US",11/2/2014,70
USW00023183,"PHOENIX AIRPORT, AZ US",11/3/2014,64
USW00023183,"PHOENIX AIRPORT, AZ US",11/4/2014,65
USW00023183,"PHOENIX AIRPORT, AZ US",11/5/2014,74
USW00023183,"PHOENIX AIRPORT, AZ US",11/6/2014,72
USW00023183,"PHOENIX AIRPORT, AZ US",11/7/2014,72
USW00023183,"PHOENIX AIRPORT, AZ US",11/8/2014,72
USW00023183,"PHOENIX AIRPORT, AZ US",11/9/2014,75
USW00023183,"PHOENIX AIRPORT, AZ US",11/10/2014,71
USW00023183,"PHOENIX AIRPORT, AZ US",11/11/2014,70
USW00023183,"PHOENIX AIRPORT, AZ US",11/12/2014,71
USW00023183,"PHOENIX AIRPORT, AZ US",11/13/2014,70
USW00023183,"PHOENIX AIRPORT, AZ US",11/14/2014,68
USW00023183,"PHOENIX AIRPORT, AZ US",11/15/2014,67
USW00023183,"PHOENIX AIRPORT, AZ US",11/16/2014,66
USW00023183,"PHOENIX AIRPORT, AZ US",11/17/2014,59
USW00023183,"PHOENIX AIRPORT, AZ US",11/18/2014,60
USW00023183,"PHOENIX AIRPORT, AZ US",11/19/2014,61
USW00023183,"PHOENIX AIRPORT, AZ US",11/20/2014,60
USW00023183,"PHOENIX AIRPORT, AZ US",11/21/2014,61
USW00023183,"PHOENIX AIRPORT, AZ US",11/22/2014,59
USW00023183,"PHOENIX AIRPORT, AZ US",11/23/2014,60
USW00023183,"PHOENIX AIRPORT, AZ US",11/24/2014,58
USW00023183,"PHOENIX AIRPORT, AZ US",11/25/2014,60
USW00023183,"PHOENIX AIRPORT, AZ US",11/26/2014,57
USW00023183,"PHOENIX AIRPORT, AZ US",11/27/2014,63
USW00023183,"PHOENIX AIRPORT, AZ US",11/28/2014,67
USW00023183,"PHOENIX AIRPORT, AZ US",11/29/2014,65
USW00023183,"PHOENIX AIRPORT, AZ US",11/30/2014,64
USW00023183,"PHOENIX AIRPORT, AZ US",12/1/2014,62
USW00023183,"PHOENIX AIRPORT, AZ US",12/2/2014,62
USW00023183,"PHOENIX AIRPORT, AZ US",12/3/2014,65
USW00023183,"PHOENIX AIRPORT, AZ US",12/4/2014,65
USW00023183,"PHOENIX AIRPORT, AZ US",12/5/2014,64
USW00023183,"PHOENIX AIRPORT, AZ US",12/6/2014,63
USW00023183,"PHOENIX AIRPORT, AZ US",12/7/2014,62
USW00023183,"PHOENIX AIRPORT, AZ US",12/8/2014,65
USW00023183,"PHOENIX AIRPORT, AZ US",12/9/2014,65
USW00023183,"PHOENIX AIRPORT, AZ US",12/10/2014,64
USW00023183,"PHOENIX AIRPORT, AZ US",12/11/2014,65
USW00023183,"PHOENIX AIRPORT, AZ US",12/12/2014,66
USW00023183,"PHOENIX AIRPORT, AZ US",12/13/2014,63
USW00023183,"PHOENIX AIRPORT, AZ US",12/14/2014,54
USW00023183,"PHOENIX AIRPORT, AZ US",12/15/2014,54
USW00023183,"PHOENIX AIRPORT, AZ US",12/16/2014,56
USW00023183,"PHOENIX AIRPORT, AZ US",12/17/2014,57
USW00023183,"PHOENIX AIRPORT, AZ US",12/18/2014,55
USW00023183,"PHOENIX AIRPORT, AZ US",12/19/2014,54
USW00023183,"PHOENIX AIRPORT, AZ US",12/20/2014,55
USW00023183,"PHOENIX AIRPORT, AZ US",12/21/2014,56
USW00023183,"PHOENIX AIRPORT, AZ US",12/22/2014,56
USW00023183,"PHOENIX AIRPORT, AZ US",12/23/2014,57
USW00023183,"PHOENIX AIRPORT, AZ US",12/24/2014,57
USW00023183,"PHOENIX AIRPORT, AZ US",12/25/2014,55
USW00023183,"PHOENIX AIRPORT, AZ US",12/26/2014,49
USW00023183,"PHOENIX AIRPORT, AZ US",12/27/2014,46
USW00023183,"PHOENIX AIRPORT, AZ US",12/28/2014,47
USW00023183,"PHOENIX AIRPORT, AZ US",12/29/2014,47
USW00023183,"PHOENIX AIRPORT, AZ US",12/30/2014,49
USW00023183,"PHOENIX AIRPORT, AZ US",12/31/2014,49
USW00023183,"PHOENIX AIRPORT, AZ US",1/1/2015,40
USW00023183,"PHOENIX AIRPORT, AZ US",1/2/2015,40
USW00023183,"PHOENIX AIRPORT, AZ US",1/3/2015,43
USW00023183,"PHOENIX AIRPORT, AZ US",1/4/2015,47
USW00023183,"PHOENIX AIRPORT, AZ US",1/5/2015,54
USW00023183,"PHOENIX AIRPORT, AZ US",1/6/2015,59
USW00023183,"PHOENIX AIRPORT, AZ US",1/7/2015,62
USW00023183,"PHOENIX AIRPORT, AZ US",1/8/2015,65
USW00023183,"PHOENIX AIRPORT, AZ US",1/9/2015,60
USW00023183,"PHOENIX AIRPORT, AZ US",1/10/2015,61
USW00023183,"PHOENIX AIRPORT, AZ US",1/11/2015,60
USW00023183,"PHOENIX AIRPORT, AZ US",1/12/2015,62
USW00023183,"PHOENIX AIRPORT, AZ US",1/13/2015,58
USW00023183,"PHOENIX AIRPORT, AZ US",1/14/2015,55
USW00023183,"PHOENIX AIRPORT, AZ US",1/15/2015,58
USW00023183,"PHOENIX AIRPORT, AZ US",1/16/2015,62
USW00023183,"PHOENIX AIRPORT, AZ US",1/17/2015,59
USW00023183,"PHOENIX AIRPORT, AZ US",1/18/2015,60
USW00023183,"PHOENIX AIRPORT, AZ US",1/19/2015,62
USW00023183,"PHOENIX AIRPORT, AZ US",1/20/2015,61
USW00023183,"PHOENIX AIRPORT, AZ US",1/21/2015,63
USW00023183,"PHOENIX AIRPORT, AZ US",1/22/2015,59
USW00023183,"PHOENIX AIRPORT, AZ US",1/23/2015,55
USW00023183,"PHOENIX AIRPORT, AZ US",1/24/2015,61
USW00023183,"PHOENIX AIRPORT, AZ US",1/25/2015,63
USW00023183,"PHOENIX AIRPORT, AZ US",1/26/2015,62
USW00023183,"PHOENIX AIRPORT, AZ US",1/27/2015,61
USW00023183,"PHOENIX AIRPORT, AZ US",1/28/2015,63
USW00023183,"PHOENIX AIRPORT, AZ US",1/29/2015,65
USW00023183,"PHOENIX AIRPORT, AZ US",1/30/2015,59
USW00023183,"PHOENIX AIRPORT, AZ US",1/31/2015,57
USW00023183,"PHOENIX AIRPORT, AZ US",2/1/2015,56
USW00023183,"PHOENIX AIRPORT, AZ US",2/2/2015,59
USW00023183,"PHOENIX AIRPORT, AZ US",2/3/2015,62
USW00023183,"PHOENIX AIRPORT, AZ US",2/4/2015,63
USW00023183,"PHOENIX AIRPORT, AZ US",2/5/2015,65
USW00023183,"PHOENIX AIRPORT, AZ US",2/6/2015,68
USW00023183,"PHOENIX AIRPORT, AZ US",2/7/2015,67
USW00023183,"PHOENIX AIRPORT, AZ US",2/8/2015,67
USW00023183,"PHOENIX AIRPORT, AZ US",2/9/2015,68
USW00023183,"PHOENIX AIRPORT, AZ US",2/10/2015,69
USW00023183,"PHOENIX AIRPORT, AZ US",2/11/2015,68
USW00023183,"PHOENIX AIRPORT, AZ US",2/12/2015,70
USW00023183,"PHOENIX AIRPORT, AZ US",2/13/2015,67
USW00023183,"PHOENIX AIRPORT, AZ US",2/14/2015,69
USW00023183,"PHOENIX AIRPORT, AZ US",2/15/2015,71
USW00023183,"PHOENIX AIRPORT, AZ US",2/16/2015,67
USW00023183,"PHOENIX AIRPORT, AZ US",2/17/2015,68
USW00023183,"PHOENIX AIRPORT, AZ US",2/18/2015,64
USW00023183,"PHOENIX AIRPORT, AZ US",2/19/2015,65
USW00023183,"PHOENIX AIRPORT, AZ US",2/20/2015,66
USW00023183,"PHOENIX AIRPORT, AZ US",2/21/2015,67
USW00023183,"PHOENIX AIRPORT, AZ US",2/22/2015,66
USW00023183,"PHOENIX AIRPORT, AZ US",2/23/2015,64
USW00023183,"PHOENIX AIRPORT, AZ US",2/24/2015,59
USW00023183,"PHOENIX AIRPORT, AZ US",2/25/2015,58
USW00023183,"PHOENIX AIRPORT, AZ US",2/26/2015,63
USW00023183,"PHOENIX AIRPORT, AZ US",2/27/2015,64
USW00023183,"PHOENIX AIRPORT, AZ US",2/28/2015,66
USW00023183,"PHOENIX AIRPORT, AZ US",3/1/2015,66
USW00023183,"PHOENIX AIRPORT, AZ US",3/2/2015,63
USW00023183,"PHOENIX AIRPORT, AZ US",3/3/2015,54
USW00023183,"PHOENIX AIRPORT, AZ US",3/4/2015,57
USW00023183,"PHOENIX AIRPORT, AZ US",3/5/2015,60
USW00023183,"PHOENIX AIRPORT, AZ US",3/6/2015,66
USW00023183,"PHOENIX AIRPORT, AZ US",3/7/2015,69
USW00023183,"PHOENIX AIRPORT, AZ US",3/8/2015,70
USW00023183,"PHOENIX AIRPORT, AZ US",3/9/2015,69
USW00023183,"PHOENIX AIRPORT, AZ US",3/10/2015,72
USW00023183,"PHOENIX AIRPORT, AZ US",3/11/2015,72
USW00023183,"PHOENIX AIRPORT, AZ US",3/12/2015,77
USW00023183,"PHOENIX AIRPORT, AZ US",3/13/2015,74
USW00023183,"PHOENIX AIRPORT, AZ US",3/14/2015,77
USW00023183,"PHOENIX AIRPORT, AZ US",3/15/2015,76
USW00023183,"PHOENIX AIRPORT, AZ US",3/16/2015,77
USW00023183,"PHOENIX AIRPORT, AZ US",3/17/2015,78
USW00023183,"PHOENIX AIRPORT, AZ US",3/18/2015,78
USW00023183,"PHOENIX AIRPORT, AZ US",3/19/2015,63
USW00023183,"PHOENIX AIRPORT, AZ US",3/20/2015,67
USW00023183,"PHOENIX AIRPORT, AZ US",3/21/2015,73
USW00023183,"PHOENIX AIRPORT, AZ US",3/22/2015,74
USW00023183,"PHOENIX AIRPORT, AZ US",3/23/2015,75
USW00023183,"PHOENIX AIRPORT, AZ US",3/24/2015,73
USW00023183,"PHOENIX AIRPORT, AZ US",3/25/2015,74
USW00023183,"PHOENIX AIRPORT, AZ US",3/26/2015,78
USW00023183,"PHOENIX AIRPORT, AZ US",3/27/2015,78
USW00023183,"PHOENIX AIRPORT, AZ US",3/28/2015,79
USW00023183,"PHOENIX AIRPORT, AZ US",3/29/2015,81
USW00023183,"PHOENIX AIRPORT, AZ US",3/30/2015,83
USW00023183,"PHOENIX AIRPORT, AZ US",3/31/2015,82
USW00023183,"PHOENIX AIRPORT, AZ US",4/1/2015,82
USW00023183,"PHOENIX AIRPORT, AZ US",4/2/2015,77
USW00023183,"PHOENIX AIRPORT, AZ US",4/3/2015,74
USW00023183,"PHOENIX AIRPORT, AZ US",4/4/2015,75
USW00023183,"PHOENIX AIRPORT, AZ US",4/5/2015,78
USW00023183,"PHOENIX AIRPORT, AZ US",4/6/2015,75
USW00023183,"PHOENIX AIRPORT, AZ US",4/7/2015,72
USW00023183,"PHOENIX AIRPORT, AZ US",4/8/2015,71
USW00023183,"PHOENIX AIRPORT, AZ US",4/9/2015,68
USW00023183,"PHOENIX AIRPORT, AZ US",4/10/2015,72
USW00023183,"PHOENIX AIRPORT, AZ US",4/11/2015,74
USW00023183,"PHOENIX AIRPORT, AZ US",4/12/2015,76
USW00023183,"PHOENIX AIRPORT, AZ US",4/13/2015,76
USW00023183,"PHOENIX AIRPORT, AZ US",4/14/2015,80
USW00023183,"PHOENIX AIRPORT, AZ US",4/15/2015,78
USW00023183,"PHOENIX AIRPORT, AZ US",4/16/2015,67
USW00023183,"PHOENIX AIRPORT, AZ US",4/17/2015,67
USW00023183,"PHOENIX AIRPORT, AZ US",4/18/2015,74
USW00023183,"PHOENIX AIRPORT, AZ US",4/19/2015,78
USW00023183,"PHOENIX AIRPORT, AZ US",4/20/2015,79
USW00023183,"PHOENIX AIRPORT, AZ US",4/21/2015,80
USW00023183,"PHOENIX AIRPORT, AZ US",4/22/2015,77
USW00023183,"PHOENIX AIRPORT, AZ US",4/23/2015,74
USW00023183,"PHOENIX AIRPORT, AZ US",4/24/2015,70
USW00023183,"PHOENIX AIRPORT, AZ US",4/25/2015,71
USW00023183,"PHOENIX AIRPORT, AZ US",4/26/2015,65
USW00023183,"PHOENIX AIRPORT, AZ US",4/27/2015,67
USW00023183,"PHOENIX AIRPORT, AZ US",4/28/2015,79
USW00023183,"PHOENIX AIRPORT, AZ US",4/29/2015,83
USW00023183,"PHOENIX AIRPORT, AZ US",4/30/2015,84
USW00023183,"PHOENIX AIRPORT, AZ US",5/1/2015,86
USW00023183,"PHOENIX AIRPORT, AZ US",5/2/2015,87
USW00023183,"PHOENIX AIRPORT, AZ US",5/3/2015,87
USW00023183,"PHOENIX AIRPORT, AZ US",5/4/2015,78
USW00023183,"PHOENIX AIRPORT, AZ US",5/5/2015,73
USW00023183,"PHOENIX AIRPORT, AZ US",5/6/2015,80
USW00023183,"PHOENIX AIRPORT, AZ US",5/7/2015,76
USW00023183,"PHOENIX AIRPORT, AZ US",5/8/2015,70
USW00023183,"PHOENIX AIRPORT, AZ US",5/9/2015,66
USW00023183,"PHOENIX AIRPORT, AZ US",5/10/2015,72
USW00023183,"PHOENIX AIRPORT, AZ US",5/11/2015,80
USW00023183,"PHOENIX AIRPORT, AZ US",5/12/2015,83
USW00023183,"PHOENIX AIRPORT, AZ US",5/13/2015,80
USW00023183,"PHOENIX AIRPORT, AZ US",5/14/2015,81
USW00023183,"PHOENIX AIRPORT, AZ US",5/15/2015,71
USW00023183,"PHOENIX AIRPORT, AZ US",5/16/2015,62
USW00023183,"PHOENIX AIRPORT, AZ US",5/17/2015,73
USW00023183,"PHOENIX AIRPORT, AZ US",5/18/2015,78
USW00023183,"PHOENIX AIRPORT, AZ US",5/19/2015,77
USW00023183,"PHOENIX AIRPORT, AZ US",5/20/2015,80
USW00023183,"PHOENIX AIRPORT, AZ US",5/21/2015,82
USW00023183,"PHOENIX AIRPORT, AZ US",5/22/2015,76
USW00023183,"PHOENIX AIRPORT, AZ US",5/23/2015,73
USW00023183,"PHOENIX AIRPORT, AZ US",5/24/2015,76
USW00023183,"PHOENIX AIRPORT, AZ US",5/25/2015,78
USW00023183,"PHOENIX AIRPORT, AZ US",5/26/2015,83
USW00023183,"PHOENIX AIRPORT, AZ US",5/27/2015,85
USW00023183,"PHOENIX AIRPORT, AZ US",5/28/2015,85
USW00023183,"PHOENIX AIRPORT, AZ US",5/29/2015,88
USW00023183,"PHOENIX AIRPORT, AZ US",5/30/2015,91
USW00023183,"PHOENIX AIRPORT, AZ US",5/31/2015,93
USW00023183,"PHOENIX AIRPORT, AZ US",6/1/2015,94
USW00023183,"PHOENIX AIRPORT, AZ US",6/2/2015,92
USW00023183,"PHOENIX AIRPORT, AZ US",6/3/2015,90
USW00023183,"PHOENIX AIRPORT, AZ US",6/4/2015,88
USW00023183,"PHOENIX AIRPORT, AZ US",6/5/2015,82
USW00023183,"PHOENIX AIRPORT, AZ US",6/6/2015,80
USW00023183,"PHOENIX AIRPORT, AZ US",6/7/2015,87
USW00023183,"PHOENIX AIRPORT, AZ US",6/8/2015,91
USW00023183,"PHOENIX AIRPORT, AZ US",6/9/2015,91
USW00023183,"PHOENIX AIRPORT, AZ US",6/10/2015,86
USW00023183,"PHOENIX AIRPORT, AZ US",6/11/2015,89
USW00023183,"PHOENIX AIRPORT, AZ US",6/12/2015,91
USW00023183,"PHOENIX AIRPORT, AZ US",6/13/2015,93
USW00023183,"PHOENIX AIRPORT, AZ US",6/14/2015,96
USW00023183,"PHOENIX AIRPORT, AZ US",6/15/2015,98
USW00023183,"PHOENIX AIRPORT, AZ US",6/16/2015,99
USW00023183,"PHOENIX AIRPORT, AZ US",6/17/2015,101
USW00023183,"PHOENIX AIRPORT, AZ US",6/18/2015,102
USW00023183,"PHOENIX AIRPORT, AZ US",6/19/2015,101
USW00023183,"PHOENIX AIRPORT, AZ US",6/20/2015,97
USW00023183,"PHOENIX AIRPORT, AZ US",6/21/2015,98
USW00023183,"PHOENIX AIRPORT, AZ US",6/22/2015,98
USW00023183,"PHOENIX AIRPORT, AZ US",6/23/2015,99
USW00023183,"PHOENIX AIRPORT, AZ US",6/24/2015,101
USW00023183,"PHOENIX AIRPORT, AZ US",6/25/2015,100
USW00023183,"PHOENIX AIRPORT, AZ US",6/26/2015,99
USW00023183,"PHOENIX AIRPORT, AZ US",6/27/2015,98
USW00023183,"PHOENIX AIRPORT, AZ US",6/28/2015,98
USW00023183,"PHOENIX AIRPORT, AZ US",6/29/2015,98
USW00023183,"PHOENIX AIRPORT, AZ US",6/30/2015,97
USW00023183,"PHOENIX AIRPORT, AZ US",7/1/2015,95
USW00023183,"PHOENIX AIRPORT, AZ US",7/2/2015,96
USW00023183,"PHOENIX AIRPORT, AZ US",7/3/2015,94
USW00023183,"PHOENIX AIRPORT, AZ US",7/4/2015,95
USW00023183,"PHOENIX AIRPORT, AZ US",7/5/2015,96
USW00023183,"PHOENIX AIRPORT, AZ US",7/6/2015,89
USW00023183,"PHOENIX AIRPORT, AZ US",7/7/2015,96
USW00023183,"PHOENIX AIRPORT, AZ US",7/8/2015,98
USW00023183,"PHOENIX AIRPORT, AZ US",7/9/2015,94
USW00023183,"PHOENIX AIRPORT, AZ US",7/10/2015,91
USW00023183,"PHOENIX AIRPORT, AZ US",7/11/2015,93
USW00023183,"PHOENIX AIRPORT, AZ US",7/12/2015,95
USW00023183,"PHOENIX AIRPORT, AZ US",7/13/2015,97
USW00023183,"PHOENIX AIRPORT, AZ US",7/14/2015,98
USW00023183,"PHOENIX AIRPORT, AZ US",7/15/2015,97
USW00023183,"PHOENIX AIRPORT, AZ US",7/16/2015,98
USW00023183,"PHOENIX AIRPORT, AZ US",7/17/2015,96
USW00023183,"PHOENIX AIRPORT, AZ US",7/18/2015,90
USW00023183,"PHOENIX AIRPORT, AZ US",7/19/2015,84
USW00023183,"PHOENIX AIRPORT, AZ US",7/20/2015,92
USW00023183,"PHOENIX AIRPORT, AZ US",7/21/2015,95
USW00023183,"PHOENIX AIRPORT, AZ US",7/22/2015,96
USW00023183,"PHOENIX AIRPORT, AZ US",7/23/2015,95
USW00023183,"PHOENIX AIRPORT, AZ US",7/24/2015,93
USW00023183,"PHOENIX AIRPORT, AZ US",7/25/2015,97
USW00023183,"PHOENIX AIRPORT, AZ US",7/26/2015,98
USW00023183,"PHOENIX AIRPORT, AZ US",7/27/2015,97
USW00023183,"PHOENIX AIRPORT, AZ US",7/28/2015,98
USW00023183,"PHOENIX AIRPORT, AZ US",7/29/2015,94
USW00023183,"PHOENIX AIRPORT, AZ US",7/30/2015,92
USW00023183,"PHOENIX AIRPORT, AZ US",7/31/2015,98
USW00023183,"PHOENIX AIRPORT, AZ US",8/1/2015,87
USW00023183,"PHOENIX AIRPORT, AZ US",8/2/2015,96
USW00023183,"PHOENIX AIRPORT, AZ US",8/3/2015,99
USW00023183,"PHOENIX AIRPORT, AZ US",8/4/2015,100
USW00023183,"PHOENIX AIRPORT, AZ US",8/5/2015,101
USW00023183,"PHOENIX AIRPORT, AZ US",8/6/2015,99
USW00023183,"PHOENIX AIRPORT, AZ US",8/7/2015,97
USW00023183,"PHOENIX AIRPORT, AZ US",8/8/2015,87
USW00023183,"PHOENIX AIRPORT, AZ US",8/9/2015,95
USW00023183,"PHOENIX AIRPORT, AZ US",8/10/2015,95
USW00023183,"PHOENIX AIRPORT, AZ US",8/11/2015,93
USW00023183,"PHOENIX AIRPORT, AZ US",8/12/2015,91
USW00023183,"PHOENIX AIRPORT, AZ US",8/13/2015,99
USW00023183,"PHOENIX AIRPORT, AZ US",8/14/2015,103
USW00023183,"PHOENIX AIRPORT, AZ US",8/15/2015,103
USW00023183,"PHOENIX AIRPORT, AZ US",8/16/2015,103
USW00023183,"PHOENIX AIRPORT, AZ US",8/17/2015,101
USW00023183,"PHOENIX AIRPORT, AZ US",8/18/2015,97
USW00023183,"PHOENIX AIRPORT, AZ US",8/19/2015,97
USW00023183,"PHOENIX AIRPORT, AZ US",8/20/2015,98
USW00023183,"PHOENIX AIRPORT, AZ US",8/21/2015,97
USW00023183,"PHOENIX AIRPORT, AZ US",8/22/2015,97
USW00023183,"PHOENIX AIRPORT, AZ US",8/23/2015,96
USW00023183,"PHOENIX AIRPORT, AZ US",8/24/2015,96
USW00023183,"PHOENIX AIRPORT, AZ US",8/25/2015,94
USW00023183,"PHOENIX AIRPORT, AZ US",8/26/2015,90
USW00023183,"PHOENIX AIRPORT, AZ US",8/27/2015,97
USW00023183,"PHOENIX AIRPORT, AZ US",8/28/2015,90
USW00023183,"PHOENIX AIRPORT, AZ US",8/29/2015,98
USW00023183,"PHOENIX AIRPORT, AZ US",8/30/2015,94
USW00023183,"PHOENIX AIRPORT, AZ US",8/31/2015,95
USW00023183,"PHOENIX AIRPORT, AZ US",9/1/2015,91
USW00023183,"PHOENIX AIRPORT, AZ US",9/2/2015,92
USW00023183,"PHOENIX AIRPORT, AZ US",9/3/2015,91
USW00023183,"PHOENIX AIRPORT, AZ US",9/4/2015,83
USW00023183,"PHOENIX AIRPORT, AZ US",9/5/2015,87
USW00023183,"PHOENIX AIRPORT, AZ US",9/6/2015,90
USW00023183,"PHOENIX AIRPORT, AZ US",9/7/2015,93
USW00023183,"PHOENIX AIRPORT, AZ US",9/8/2015,94
USW00023183,"PHOENIX AIRPORT, AZ US",9/9/2015,90
USW00023183,"PHOENIX AIRPORT, AZ US",9/10/2015,90
USW00023183,"PHOENIX AIRPORT, AZ US",9/11/2015,86
USW00023183,"PHOENIX AIRPORT, AZ US",9/12/2015,94
USW00023183,"PHOENIX AIRPORT, AZ US",9/13/2015,95
USW00023183,"PHOENIX AIRPORT, AZ US",9/14/2015,86
USW00023183,"PHOENIX AIRPORT, AZ US",9/15/2015,86
USW00023183,"PHOENIX AIRPORT, AZ US",9/16/2015,88
USW00023183,"PHOENIX AIRPORT, AZ US",9/17/2015,88
USW00023183,"PHOENIX AIRPORT, AZ US",9/18/2015,89
USW00023183,"PHOENIX AIRPORT, AZ US",9/19/2015,90
USW00023183,"PHOENIX AIRPORT, AZ US",9/20/2015,92
USW00023183,"PHOENIX AIRPORT, AZ US",9/21/2015,89
USW00023183,"PHOENIX AIRPORT, AZ US",9/22/2015,79
USW00023183,"PHOENIX AIRPORT, AZ US",9/23/2015,81
USW00023183,"PHOENIX AIRPORT, AZ US",9/24/2015,89
USW00023183,"PHOENIX AIRPORT, AZ US",9/25/2015,93
USW00023183,"PHOENIX AIRPORT, AZ US",9/26/2015,93
USW00023183,"PHOENIX AIRPORT, AZ US",9/27/2015,92
USW00023183,"PHOENIX AIRPORT, AZ US",9/28/2015,92
USW00023183,"PHOENIX AIRPORT, AZ US",9/29/2015,91
USW00023183,"PHOENIX AIRPORT, AZ US",9/30/2015,92
USW00023183,"PHOENIX AIRPORT, AZ US",10/1/2015,
USW00023183,"PHOENIX AIRPORT, AZ US",10/2/2015,89
USW00023183,"PHOENIX AIRPORT, AZ US",10/3/2015,83
USW00023183,"PHOENIX AIRPORT, AZ US",10/4/2015,83
USW00023183,"PHOENIX AIRPORT, AZ US",10/5/2015,81
USW00023183,"PHOENIX AIRPORT, AZ US",10/6/2015,74
USW00023183,"PHOENIX AIRPORT, AZ US",10/7/2015,69
USW00023183,"PHOENIX AIRPORT, AZ US",10/8/2015,77
USW00023183,"PHOENIX AIRPORT, AZ US",10/9/2015,83
USW00023183,"PHOENIX AIRPORT, AZ US",10/10/2015,85
USW00023183,"PHOENIX AIRPORT, AZ US",10/11/2015,85
USW00023183,"PHOENIX AIRPORT, AZ US",10/12/2015,86
USW00023183,"PHOENIX AIRPORT, AZ US",10/13/2015,86
USW00023183,"PHOENIX AIRPORT, AZ US",10/14/2015,87
USW00023183,"PHOENIX AIRPORT, AZ US",10/15/2015,87
USW00023183,"PHOENIX AIRPORT, AZ US",10/16/2015,85
USW00023183,"PHOENIX AIRPORT, AZ US",10/17/2015,78
USW00023183,"PHOENIX AIRPORT, AZ US",10/18/2015,80
USW00023183,"PHOENIX AIRPORT, AZ US",10/19/2015,76
USW00023183,"PHOENIX AIRPORT, AZ US",10/20/2015,76
USW00023183,"PHOENIX AIRPORT, AZ US",10/21/2015,71
USW00023183,"PHOENIX AIRPORT, AZ US",10/22/2015,69
USW00023183,"PHOENIX AIRPORT, AZ US",10/23/2015,72
USW00023183,"PHOENIX AIRPORT, AZ US",10/24/2015,77
USW00023183,"PHOENIX AIRPORT, AZ US",10/25/2015,79
USW00023183,"PHOENIX AIRPORT, AZ US",10/26/2015,78
USW00023183,"PHOENIX AIRPORT, AZ US",10/27/2015,77
USW00023183,"PHOENIX AIRPORT, AZ US",10/28/2015,76
USW00023183,"PHOENIX AIRPORT, AZ US",10/29/2015,75
USW00023183,"PHOENIX AIRPORT, AZ US",10/30/2015,67
USW00023183,"PHOENIX AIRPORT, AZ US",10/31/2015,70
USW00023183,"PHOENIX AIRPORT, AZ US",11/1/2015,71
USW00023183,"PHOENIX AIRPORT, AZ US",11/2/2015,73
USW00023183,"PHOENIX AIRPORT, AZ US",11/3/2015,74
USW00023183,"PHOENIX AIRPORT, AZ US",11/4/2015,63
USW00023183,"PHOENIX AIRPORT, AZ US",11/5/2015,57
USW00023183,"PHOENIX AIRPORT, AZ US",11/6/2015,59
USW00023183,"PHOENIX AIRPORT, AZ US",11/7/2015,64
USW00023183,"PHOENIX AIRPORT, AZ US",11/8/2015,69
USW00023183,"PHOENIX AIRPORT, AZ US",11/9/2015,68
USW00023183,"PHOENIX AIRPORT, AZ US",11/10/2015,65
USW00023183,"PHOENIX AIRPORT, AZ US",11/11/2015,59
USW00023183,"PHOENIX AIRPORT, AZ US",11/12/2015,60
USW00023183,"PHOENIX AIRPORT, AZ US",11/13/2015,65
USW00023183,"PHOENIX AIRPORT, AZ US",11/14/2015,65
USW00023183,"PHOENIX AIRPORT, AZ US",11/15/2015,62
USW00023183,"PHOENIX AIRPORT, AZ US",11/16/2015,57
USW00023183,"PHOENIX AIRPORT, AZ US",11/17/2015,53
USW00023183,"PHOENIX AIRPORT, AZ US",11/18/2015,54
USW00023183,"PHOENIX AIRPORT, AZ US",11/19/2015,58
USW00023183,"PHOENIX AIRPORT, AZ US",11/20/2015,63
USW00023183,"PHOENIX AIRPORT, AZ US",11/21/2015,66
USW00023183,"PHOENIX AIRPORT, AZ US",11/22/2015,70
USW00023183,"PHOENIX AIRPORT, AZ US",11/23/2015,66
USW00023183,"PHOENIX AIRPORT, AZ US",11/24/2015,65
USW00023183,"PHOENIX AIRPORT, AZ US",11/25/2015,65
USW00023183,"PHOENIX AIRPORT, AZ US",11/26/2015,60
USW00023183,"PHOENIX AIRPORT, AZ US",11/27/2015,53
USW00023183,"PHOENIX AIRPORT, AZ US",11/28/2015,53
USW00023183,"PHOENIX AIRPORT, AZ US",11/29/2015,52
USW00023183,"PHOENIX AIRPORT, AZ US",11/30/2015,50
USW00023183,"PHOENIX AIRPORT, AZ US",12/1/2015,50
USW00023183,"PHOENIX AIRPORT, AZ US",12/2/2015,53
USW00023183,"PHOENIX AIRPORT, AZ US",12/3/2015,57
USW00023183,"PHOENIX AIRPORT, AZ US",12/4/2015,60
USW00023183,"PHOENIX AIRPORT, AZ US",12/5/2015,59
USW00023183,"PHOENIX AIRPORT, AZ US",12/6/2015,60
USW00023183,"PHOENIX AIRPORT, AZ US",12/7/2015,63
USW00023183,"PHOENIX AIRPORT, AZ US",12/8/2015,61
USW00023183,"PHOENIX AIRPORT, AZ US",12/9/2015,61
USW00023183,"PHOENIX AIRPORT, AZ US",12/10/2015,61
USW00023183,"PHOENIX AIRPORT, AZ US",12/11/2015,61
USW00023183,"PHOENIX AIRPORT, AZ US",12/12/2015,57
USW00023183,"PHOENIX AIRPORT, AZ US",12/13/2015,49
USW00023183,"PHOENIX AIRPORT, AZ US",12/14/2015,50
USW00023183,"PHOENIX AIRPORT, AZ US",12/15/2015,46
USW00023183,"PHOENIX AIRPORT, AZ US",12/16/2015,45
USW00023183,"PHOENIX AIRPORT, AZ US",12/17/2015,45
USW00023183,"PHOENIX AIRPORT, AZ US",12/18/2015,51
USW00023183,"PHOENIX AIRPORT, AZ US",12/19/2015,56
USW00023183,"PHOENIX AIRPORT, AZ US",12/20/2015,55
USW00023183,"PHOENIX AIRPORT, AZ US",12/21/2015,53
USW00023183,"PHOENIX AIRPORT, AZ US",12/22/2015,51
USW00023183,"PHOENIX AIRPORT, AZ US",12/23/2015,56
USW00023183,"PHOENIX AIRPORT, AZ US",12/24/2015,59
USW00023183,"PHOENIX AIRPORT, AZ US",12/25/2015,55
USW00023183,"PHOENIX AIRPORT, AZ US",12/26/2015,47
USW00023183,"PHOENIX AIRPORT, AZ US",12/27/2015,47
USW00023183,"PHOENIX AIRPORT, AZ US",12/28/2015,48
USW00023183,"PHOENIX AIRPORT, AZ US",12/29/2015,48
USW00023183,"PHOENIX AIRPORT, AZ US",12/30/2015,47
USW00023183,"PHOENIX AIRPORT, AZ US",12/31/2015,47
USW00023183,"PHOENIX AIRPORT, AZ US",1/1/2016,50
USW00023183,"PHOENIX AIRPORT, AZ US",1/2/2016,57
USW00023183,"PHOENIX AIRPORT, AZ US",1/3/2016,60
USW00023183,"PHOENIX AIRPORT, AZ US",1/4/2016,60
USW00023183,"PHOENIX AIRPORT, AZ US",1/5/2016,54
USW00023183,"PHOENIX AIRPORT, AZ US",1/6/2016,55
USW00023183,"PHOENIX AIRPORT, AZ US",1/7/2016,52
USW00023183,"PHOENIX AIRPORT, AZ US",1/8/2016,49
USW00023183,"PHOENIX AIRPORT, AZ US",1/9/2016,49
USW00023183,"PHOENIX AIRPORT, AZ US",1/10/2016,49
USW00023183,"PHOENIX AIRPORT, AZ US",1/11/2016,50
USW00023183,"PHOENIX AIRPORT, AZ US",1/12/2016,51
USW00023183,"PHOENIX AIRPORT, AZ US",1/13/2016,53
USW00023183,"PHOENIX AIRPORT, AZ US",1/14/2016,53
USW00023183,"PHOENIX AIRPORT, AZ US",1/15/2016,51
USW00023183,"PHOENIX AIRPORT, AZ US",1/16/2016,51
USW00023183,"PHOENIX AIRPORT, AZ US",1/17/2016,54
USW00023183,"PHOENIX AIRPORT, AZ US",1/18/2016,55
USW00023183,"PHOENIX AIRPORT, AZ US",1/19/2016,56
USW00023183,"PHOENIX AIRPORT, AZ US",1/20/2016,59
USW00023183,"PHOENIX AIRPORT, AZ US",1/21/2016,59
USW00023183,"PHOENIX AIRPORT, AZ US",1/22/2016,60
USW00023183,"PHOENIX AIRPORT, AZ US",1/23/2016,61
USW00023183,"PHOENIX AIRPORT, AZ US",1/24/2016,58
USW00023183,"PHOENIX AIRPORT, AZ US",1/25/2016,56
USW00023183,"PHOENIX AIRPORT, AZ US",1/26/2016,56
USW00023183,"PHOENIX AIRPORT, AZ US",1/27/2016,58
USW00023183,"PHOENIX AIRPORT, AZ US",1/28/2016,58
USW00023183,"PHOENIX AIRPORT, AZ US",1/29/2016,58
USW00023183,"PHOENIX AIRPORT, AZ US",1/30/2016,59
USW00023183,"PHOENIX AIRPORT, AZ US",1/31/2016,62
USW00023183,"PHOENIX AIRPORT, AZ US",2/1/2016,56
USW00023183,"PHOENIX AIRPORT, AZ US",2/2/2016,47
USW00023183,"PHOENIX AIRPORT, AZ US",2/3/2016,46
USW00023183,"PHOENIX AIRPORT, AZ US",2/4/2016,50
USW00023183,"PHOENIX AIRPORT, AZ US",2/5/2016,54
USW00023183,"PHOENIX AIRPORT, AZ US",2/6/2016,58
USW00023183,"PHOENIX AIRPORT, AZ US",2/7/2016,62
USW00023183,"PHOENIX AIRPORT, AZ US",2/8/2016,67
USW00023183,"PHOENIX AIRPORT, AZ US",2/9/2016,71
USW00023183,"PHOENIX AIRPORT, AZ US",2/10/2016,71
USW00023183,"PHOENIX AIRPORT, AZ US",2/11/2016,70
USW00023183,"PHOENIX AIRPORT, AZ US",2/12/2016,69
USW00023183,"PHOENIX AIRPORT, AZ US",2/13/2016,69
USW00023183,"PHOENIX AIRPORT, AZ US",2/14/2016,69
USW00023183,"PHOENIX AIRPORT, AZ US",2/15/2016,69
USW00023183,"PHOENIX AIRPORT, AZ US",2/16/2016,71
USW00023183,"PHOENIX AIRPORT, AZ US",2/17/2016,72
USW00023183,"PHOENIX AIRPORT, AZ US",2/18/2016,71
USW00023183,"PHOENIX AIRPORT, AZ US",2/19/2016,70
USW00023183,"PHOENIX AIRPORT, AZ US",2/20/2016,68
USW00023183,"PHOENIX AIRPORT, AZ US",2/21/2016,70
USW00023183,"PHOENIX AIRPORT, AZ US",2/22/2016,69
USW00023183,"PHOENIX AIRPORT, AZ US",2/23/2016,69
USW00023183,"PHOENIX AIRPORT, AZ US",2/24/2016,65
USW00023183,"PHOENIX AIRPORT, AZ US",2/25/2016,67
USW00023183,"PHOENIX AIRPORT, AZ US",2/26/2016,71
USW00023183,"PHOENIX AIRPORT, AZ US",2/27/2016,72
USW00023183,"PHOENIX AIRPORT, AZ US",2/28/2016,71
USW00023183,"PHOENIX AIRPORT, AZ US",2/29/2016,72
USW00023183,"PHOENIX AIRPORT, AZ US",3/1/2016,74
USW00023183,"PHOENIX AIRPORT, AZ US",3/2/2016,74
USW00023183,"PHOENIX AIRPORT, AZ US",3/3/2016,74
USW00023183,"PHOENIX AIRPORT, AZ US",3/4/2016,74
USW00023183,"PHOENIX AIRPORT, AZ US",3/5/2016,72
USW00023183,"PHOENIX AIRPORT, AZ US",3/6/2016,71
USW00023183,"PHOENIX AIRPORT, AZ US",3/7/2016,65
USW00023183,"PHOENIX AIRPORT, AZ US",3/8/2016,59
USW00023183,"PHOENIX AIRPORT, AZ US",3/9/2016,64
USW00023183,"PHOENIX AIRPORT, AZ US",3/10/2016,69
USW00023183,"PHOENIX AIRPORT, AZ US",3/11/2016,71
USW00023183,"PHOENIX AIRPORT, AZ US",3/12/2016,66
USW00023183,"PHOENIX AIRPORT, AZ US",3/13/2016,63
USW00023183,"PHOENIX AIRPORT, AZ US",3/14/2016,67
USW00023183,"PHOENIX AIRPORT, AZ US",3/15/2016,69
USW00023183,"PHOENIX AIRPORT, AZ US",3/16/2016,72
USW00023183,"PHOENIX AIRPORT, AZ US",3/17/2016,73
USW00023183,"PHOENIX AIRPORT, AZ US",3/18/2016,72
USW00023183,"PHOENIX AIRPORT, AZ US",3/19/2016,75
USW00023183,"PHOENIX AIRPORT, AZ US",3/20/2016,76
USW00023183,"PHOENIX AIRPORT, AZ US",3/21/2016,78
USW00023183,"PHOENIX AIRPORT, AZ US",3/22/2016,78
USW00023183,"PHOENIX AIRPORT, AZ US",3/23/2016,67
USW00023183,"PHOENIX AIRPORT, AZ US",3/24/2016,66
USW00023183,"PHOENIX AIRPORT, AZ US",3/25/2016,69
USW00023183,"PHOENIX AIRPORT, AZ US",3/26/2016,72
USW00023183,"PHOENIX AIRPORT, AZ US",3/27/2016,72
USW00023183,"PHOENIX AIRPORT, AZ US",3/28/2016,74
USW00023183,"PHOENIX AIRPORT, AZ US",3/29/2016,66
USW00023183,"PHOENIX AIRPORT, AZ US",3/30/2016,60
USW00023183,"PHOENIX AIRPORT, AZ US",3/31/2016,61
USW00023183,"PHOENIX AIRPORT, AZ US",4/1/2016,65
USW00023183,"PHOENIX AIRPORT, AZ US",4/2/2016,70
USW00023183,"PHOENIX AIRPORT, AZ US",4/3/2016,73
USW00023183,"PHOENIX AIRPORT, AZ US",4/4/2016,76
USW00023183,"PHOENIX AIRPORT, AZ US",4/5/2016,78
USW00023183,"PHOENIX AIRPORT, AZ US",4/6/2016,81
USW00023183,"PHOENIX AIRPORT, AZ US",4/7/2016,82
USW00023183,"PHOENIX AIRPORT, AZ US",4/8/2016,73
USW00023183,"PHOENIX AIRPORT, AZ US",4/9/2016,71
USW00023183,"PHOENIX AIRPORT, AZ US",4/10/2016,69
USW00023183,"PHOENIX AIRPORT, AZ US",4/11/2016,62
USW00023183,"PHOENIX AIRPORT, AZ US",4/12/2016,69
USW00023183,"PHOENIX AIRPORT, AZ US",4/13/2016,74
USW00023183,"PHOENIX AIRPORT, AZ US",4/14/2016,76
USW00023183,"PHOENIX AIRPORT, AZ US",4/15/2016,77
USW00023183,"PHOENIX AIRPORT, AZ US",4/16/2016,69
USW00023183,"PHOENIX AIRPORT, AZ US",4/17/2016,73
USW00023183,"PHOENIX AIRPORT, AZ US",4/18/2016,74
USW00023183,"PHOENIX AIRPORT, AZ US",4/19/2016,77
USW00023183,"PHOENIX AIRPORT, AZ US",4/20/2016,79
USW00023183,"PHOENIX AIRPORT, AZ US",4/21/2016,81
USW00023183,"PHOENIX AIRPORT, AZ US",4/22/2016,84
USW00023183,"PHOENIX AIRPORT, AZ US",4/23/2016,82
USW00023183,"PHOENIX AIRPORT, AZ US",4/24/2016,75
USW00023183,"PHOENIX AIRPORT, AZ US",4/25/2016,77
USW00023183,"PHOENIX AIRPORT, AZ US",4/26/2016,68
USW00023183,"PHOENIX AIRPORT, AZ US",4/27/2016,71
USW00023183,"PHOENIX AIRPORT, AZ US",4/28/2016,72
USW00023183,"PHOENIX AIRPORT, AZ US",4/29/2016,70
USW00023183,"PHOENIX AIRPORT, AZ US",4/30/2016,74
USW00023183,"PHOENIX AIRPORT, AZ US",5/1/2016,66
USW00023183,"PHOENIX AIRPORT, AZ US",5/2/2016,74
USW00023183,"PHOENIX AIRPORT, AZ US",5/3/2016,79
USW00023183,"PHOENIX AIRPORT, AZ US",5/4/2016,85
USW00023183,"PHOENIX AIRPORT, AZ US",5/5/2016,86
USW00023183,"PHOENIX AIRPORT, AZ US",5/6/2016,76
USW00023183,"PHOENIX AIRPORT, AZ US",5/7/2016,67
USW00023183,"PHOENIX AIRPORT, AZ US",5/8/2016,71
USW00023183,"PHOENIX AIRPORT, AZ US",5/9/2016,73
USW00023183,"PHOENIX AIRPORT, AZ US",5/10/2016,78
USW00023183,"PHOENIX AIRPORT, AZ US",5/11/2016,82
USW00023183,"PHOENIX AIRPORT, AZ US",5/12/2016,85
USW00023183,"PHOENIX AIRPORT, AZ US",5/13/2016,89
USW00023183,"PHOENIX AIRPORT, AZ US",5/14/2016,90
USW00023183,"PHOENIX AIRPORT, AZ US",5/15/2016,87
USW00023183,"PHOENIX AIRPORT, AZ US",5/16/2016,82
USW00023183,"PHOENIX AIRPORT, AZ US",5/17/2016,81
USW00023183,"PHOENIX AIRPORT, AZ US",5/18/2016,78
USW00023183,"PHOENIX AIRPORT, AZ US",5/19/2016,80
USW00023183,"PHOENIX AIRPORT, AZ US",5/20/2016,86
USW00023183,"PHOENIX AIRPORT, AZ US",5/21/2016,84
USW00023183,"PHOENIX AIRPORT, AZ US",5/22/2016,79
USW00023183,"PHOENIX AIRPORT, AZ US",5/23/2016,78
USW00023183,"PHOENIX AIRPORT, AZ US",5/24/2016,79
USW00023183,"PHOENIX AIRPORT, AZ US",5/25/2016,79
USW00023183,"PHOENIX AIRPORT, AZ US",5/26/2016,76
USW00023183,"PHOENIX AIRPORT, AZ US",5/27/2016,78
USW00023183,"PHOENIX AIRPORT, AZ US",5/28/2016,83
USW00023183,"PHOENIX AIRPORT, AZ US",5/29/2016,86
USW00023183,"PHOENIX AIRPORT, AZ US",5/30/2016,84
USW00023183,"PHOENIX AIRPORT, AZ US",5/31/2016,84
USW00023183,"PHOENIX AIRPORT, AZ US",6/1/2016,89
USW00023183,"PHOENIX AIRPORT, AZ US",6/2/2016,92
USW00023183,"PHOENIX AIRPORT, AZ US",6/3/2016,96
USW00023183,"PHOENIX AIRPORT, AZ US",6/4/2016,99
USW00023183,"PHOENIX AIRPORT, AZ US",6/5/2016,100
USW00023183,"PHOENIX AIRPORT, AZ US",6/6/2016,98
USW00023183,"PHOENIX AIRPORT, AZ US",6/7/2016,95
USW00023183,"PHOENIX AIRPORT, AZ US",6/8/2016,94
USW00023183,"PHOENIX AIRPORT, AZ US",6/9/2016,94
USW00023183,"PHOENIX AIRPORT, AZ US",6/10/2016,92
USW00023183,"PHOENIX AIRPORT, AZ US",6/11/2016,89
USW00023183,"PHOENIX AIRPORT, AZ US",6/12/2016,90
USW00023183,"PHOENIX AIRPORT, AZ US",6/13/2016,90
USW00023183,"PHOENIX AIRPORT, AZ US",6/14/2016,88
USW00023183,"PHOENIX AIRPORT, AZ US",6/15/2016,89
USW00023183,"PHOENIX AIRPORT, AZ US",6/16/2016,90
USW00023183,"PHOENIX AIRPORT, AZ US",6/17/2016,92
USW00023183,"PHOENIX AIRPORT, AZ US",6/18/2016,95
USW00023183,"PHOENIX AIRPORT, AZ US",6/19/2016,101
USW00023183,"PHOENIX AIRPORT, AZ US",6/20/2016,104
USW00023183,"PHOENIX AIRPORT, AZ US",6/21/2016,102
USW00023183,"PHOENIX AIRPORT, AZ US",6/22/2016,101
USW00023183,"PHOENIX AIRPORT, AZ US",6/23/2016,101
USW00023183,"PHOENIX AIRPORT, AZ US",6/24/2016,99
USW00023183,"PHOENIX AIRPORT, AZ US",6/25/2016,98
USW00023183,"PHOENIX AIRPORT, AZ US",6/26/2016,97
USW00023183,"PHOENIX AIRPORT, AZ US",6/27/2016,98
USW00023183,"PHOENIX AIRPORT, AZ US",6/28/2016,100
USW00023183,"PHOENIX AIRPORT, AZ US",6/29/2016,99
USW00023183,"PHOENIX AIRPORT, AZ US",6/30/2016,90
USW00023183,"PHOENIX AIRPORT, AZ US",7/1/2016,88
USW00023183,"PHOENIX AIRPORT, AZ US",7/2/2016,90
USW00023183,"PHOENIX AIRPORT, AZ US",7/3/2016,96
USW00023183,"PHOENIX AIRPORT, AZ US",7/4/2016,98
USW00023183,"PHOENIX AIRPORT, AZ US",7/5/2016,99
USW00023183,"PHOENIX AIRPORT, AZ US",7/6/2016,97
USW00023183,"PHOENIX AIRPORT, AZ US",7/7/2016,96
USW00023183,"PHOENIX AIRPORT, AZ US",7/8/2016,98
USW00023183,"PHOENIX AIRPORT, AZ US",7/9/2016,100
USW00023183,"PHOENIX AIRPORT, AZ US",7/10/2016,100
USW00023183,"PHOENIX AIRPORT, AZ US",7/11/2016,98
USW00023183,"PHOENIX AIRPORT, AZ US",7/12/2016,96
USW00023183,"PHOENIX AIRPORT, AZ US",7/13/2016,98
USW00023183,"PHOENIX AIRPORT, AZ US",7/14/2016,100
USW00023183,"PHOENIX AIRPORT, AZ US",7/15/2016,101
USW00023183,"PHOENIX AIRPORT, AZ US",7/16/2016,100
USW00023183,"PHOENIX AIRPORT, AZ US",7/17/2016,99
USW00023183,"PHOENIX AIRPORT, AZ US",7/18/2016,96
USW00023183,"PHOENIX AIRPORT, AZ US",7/19/2016,93
USW00023183,"PHOENIX AIRPORT, AZ US",7/20/2016,95
USW00023183,"PHOENIX AIRPORT, AZ US",7/21/2016,99
USW00023183,"PHOENIX AIRPORT, AZ US",7/22/2016,102
USW00023183,"PHOENIX AIRPORT, AZ US",7/23/2016,101
USW00023183,"PHOENIX AIRPORT, AZ US",7/24/2016,100
USW00023183,"PHOENIX AIRPORT, AZ US",7/25/2016,98
USW00023183,"PHOENIX AIRPORT, AZ US",7/26/2016,99
USW00023183,"PHOENIX AIRPORT, AZ US",7/27/2016,101
USW00023183,"PHOENIX AIRPORT, AZ US",7/28/2016,100
USW00023183,"PHOENIX AIRPORT, AZ US",7/29/2016,102
USW00023183,"PHOENIX AIRPORT, AZ US",7/30/2016,91
USW00023183,"PHOENIX AIRPORT, AZ US",7/31/2016,93
USW00023183,"PHOENIX AIRPORT, AZ US",8/1/2016,89
USW00023183,"PHOENIX AIRPORT, AZ US",8/2/2016,91
USW00023183,"PHOENIX AIRPORT, AZ US",8/3/2016,85
USW00023183,"PHOENIX AIRPORT, AZ US",8/4/2016,89
USW00023183,"PHOENIX AIRPORT, AZ US",8/5/2016,90
USW00023183,"PHOENIX AIRPORT, AZ US",8/6/2016,93
USW00023183,"PHOENIX AIRPORT, AZ US",8/7/2016,97
USW00023183,"PHOENIX AIRPORT, AZ US",8/8/2016,100
USW00023183,"PHOENIX AIRPORT, AZ US",8/9/2016,95
USW00023183,"PHOENIX AIRPORT, AZ US",8/10/2016,90
USW00023183,"PHOENIX AIRPORT, AZ US",8/11/2016,88
USW00023183,"PHOENIX AIRPORT, AZ US",8/12/2016,93
USW00023183,"PHOENIX AIRPORT, AZ US",8/13/2016,95
USW00023183,"PHOENIX AIRPORT, AZ US",8/14/2016,96
USW00023183,"PHOENIX AIRPORT, AZ US",8/15/2016,98
USW00023183,"PHOENIX AIRPORT, AZ US",8/16/2016,99
USW00023183,"PHOENIX AIRPORT, AZ US",8/17/2016,98
USW00023183,"PHOENIX AIRPORT, AZ US",8/18/2016,95
USW00023183,"PHOENIX AIRPORT, AZ US",8/19/2016,93
USW00023183,"PHOENIX AIRPORT, AZ US",8/20/2016,92
USW00023183,"PHOENIX AIRPORT, AZ US",8/21/2016,88
USW00023183,"PHOENIX AIRPORT, AZ US",8/22/2016,89
USW00023183,"PHOENIX AIRPORT, AZ US",8/23/2016,86
USW00023183,"PHOENIX AIRPORT, AZ US",8/24/2016,89
USW00023183,"PHOENIX AIRPORT, AZ US",8/25/2016,89
USW00023183,"PHOENIX AIRPORT, AZ US",8/26/2016,91
USW00023183,"PHOENIX AIRPORT, AZ US",8/27/2016,90
USW00023183,"PHOENIX AIRPORT, AZ US",8/28/2016,89
USW00023183,"PHOENIX AIRPORT, AZ US",8/29/2016,92
USW00023183,"PHOENIX AIRPORT, AZ US",8/30/2016,96
USW00023183,"PHOENIX AIRPORT, AZ US",8/31/2016,94
USW00023183,"PHOENIX AIRPORT, AZ US",9/1/2016,95
USW00023183,"PHOENIX AIRPORT, AZ US",9/2/2016,93
USW00023183,"PHOENIX AIRPORT, AZ US",9/3/2016,95
USW00023183,"PHOENIX AIRPORT, AZ US",9/4/2016,91
USW00023183,"PHOENIX AIRPORT, AZ US",9/5/2016,89
USW00023183,"PHOENIX AIRPORT, AZ US",9/6/2016,91
USW00023183,"PHOENIX AIRPORT, AZ US",9/7/2016,87
USW00023183,"PHOENIX AIRPORT, AZ US",9/8/2016,83
USW00023183,"PHOENIX AIRPORT, AZ US",9/9/2016,90
USW00023183,"PHOENIX AIRPORT, AZ US",9/10/2016,93
USW00023183,"PHOENIX AIRPORT, AZ US",9/11/2016,94
USW00023183,"PHOENIX AIRPORT, AZ US",9/12/2016,92
USW00023183,"PHOENIX AIRPORT, AZ US",9/13/2016,88
USW00023183,"PHOENIX AIRPORT, AZ US",9/14/2016,88
USW00023183,"PHOENIX AIRPORT, AZ US",9/15/2016,86
USW00023183,"PHOENIX AIRPORT, AZ US",9/16/2016,84
USW00023183,"PHOENIX AIRPORT, AZ US",9/17/2016,86
USW00023183,"PHOENIX AIRPORT, AZ US",9/18/2016,88
USW00023183,"PHOENIX AIRPORT, AZ US",9/19/2016,89
USW00023183,"PHOENIX AIRPORT, AZ US",9/20/2016,87
USW00023183,"PHOENIX AIRPORT, AZ US",9/21/2016,86
USW00023183,"PHOENIX AIRPORT, AZ US",9/22/2016,84
USW00023183,"PHOENIX AIRPORT, AZ US",9/23/2016,78
USW00023183,"PHOENIX AIRPORT, AZ US",9/24/2016,76
USW00023183,"PHOENIX AIRPORT, AZ US",9/25/2016,82
USW00023183,"PHOENIX AIRPORT, AZ US",9/26/2016,86
USW00023183,"PHOENIX AIRPORT, AZ US",9/27/2016,78
USW00023183,"PHOENIX AIRPORT, AZ US",9/28/2016,83
USW00023183,"PHOENIX AIRPORT, AZ US",9/29/2016,85
USW00023183,"PHOENIX AIRPORT, AZ US",9/30/2016,85
USW00023183,"PHOENIX AIRPORT, AZ US",10/1/2016,85
USW00023183,"PHOENIX AIRPORT, AZ US",10/2/2016,81
USW00023183,"PHOENIX AIRPORT, AZ US",10/3/2016,74
USW00023183,"PHOENIX AIRPORT, AZ US",10/4/2016,73
USW00023183,"PHOENIX AIRPORT, AZ US",10/5/2016,76
USW00023183,"PHOENIX AIRPORT, AZ US",10/6/2016,78
USW00023183,"PHOENIX AIRPORT, AZ US",10/7/2016,79
USW00023183,"PHOENIX AIRPORT, AZ US",10/8/2016,86
USW00023183,"PHOENIX AIRPORT, AZ US",10/9/2016,85
USW00023183,"PHOENIX AIRPORT, AZ US",10/10/2016,85
USW00023183,"PHOENIX AIRPORT, AZ US",10/11/2016,83
USW00023183,"PHOENIX AIRPORT, AZ US",10/12/2016,81
USW00023183,"PHOENIX AIRPORT, AZ US",10/13/2016,79
USW00023183,"PHOENIX AIRPORT, AZ US",10/14/2016,81
USW00023183,"PHOENIX AIRPORT, AZ US",10/15/2016,80
USW00023183,"PHOENIX AIRPORT, AZ US",10/16/2016,80
USW00023183,"PHOENIX AIRPORT, AZ US",10/17/2016,79
USW00023183,"PHOENIX AIRPORT, AZ US",10/18/2016,79
USW00023183,"PHOENIX AIRPORT, AZ US",10/19/2016,78
USW00023183,"PHOENIX AIRPORT, AZ US",10/20/2016,80
USW00023183,"PHOENIX AIRPORT, AZ US",10/21/2016,84
USW00023183,"PHOENIX AIRPORT, AZ US",10/22/2016,84
USW00023183,"PHOENIX AIRPORT, AZ US",10/23/2016,83
USW00023183,"PHOENIX AIRPORT, AZ US",10/24/2016,82
USW00023183,"PHOENIX AIRPORT, AZ US",10/25/2016,82
USW00023183,"PHOENIX AIRPORT, AZ US",10/26/2016,81
USW00023183,"PHOENIX AIRPORT, AZ US",10/27/2016,84
USW00023183,"PHOENIX AIRPORT, AZ US",10/28/2016,85
USW00023183,"PHOENIX AIRPORT, AZ US",10/29/2016,81
USW00023183,"PHOENIX AIRPORT, AZ US",10/30/2016,82
USW00023183,"PHOENIX AIRPORT, AZ US",10/31/2016,79
USW00023183,"PHOENIX AIRPORT, AZ US",11/1/2016,75
USW00023183,"PHOENIX AIRPORT, AZ US",11/2/2016,72
USW00023183,"PHOENIX AIRPORT, AZ US",11/3/2016,75
USW00023183,"PHOENIX AIRPORT, AZ US",11/4/2016,67
USW00023183,"PHOENIX AIRPORT, AZ US",11/5/2016,71
USW00023183,"PHOENIX AIRPORT, AZ US",11/6/2016,72
USW00023183,"PHOENIX AIRPORT, AZ US",11/7/2016,72
USW00023183,"PHOENIX AIRPORT, AZ US",11/8/2016,77
USW00023183,"PHOENIX AIRPORT, AZ US",11/9/2016,77
USW00023183,"PHOENIX AIRPORT, AZ US",11/10/2016,73
USW00023183,"PHOENIX AIRPORT, AZ US",11/11/2016,73
USW00023183,"PHOENIX AIRPORT, AZ US",11/12/2016,72
USW00023183,"PHOENIX AIRPORT, AZ US",11/13/2016,71
USW00023183,"PHOENIX AIRPORT, AZ US",11/14/2016,71
USW00023183,"PHOENIX AIRPORT, AZ US",11/15/2016,72
USW00023183,"PHOENIX AIRPORT, AZ US",11/16/2016,70
USW00023183,"PHOENIX AIRPORT, AZ US",11/17/2016,66
USW00023183,"PHOENIX AIRPORT, AZ US",11/18/2016,61
USW00023183,"PHOENIX AIRPORT, AZ US",11/19/2016,67
USW00023183,"PHOENIX AIRPORT, AZ US",11/20/2016,70
USW00023183,"PHOENIX AIRPORT, AZ US",11/21/2016,63
USW00023183,"PHOENIX AIRPORT, AZ US",11/22/2016,60
USW00023183,"PHOENIX AIRPORT, AZ US",11/23/2016,62
USW00023183,"PHOENIX AIRPORT, AZ US",11/24/2016,62
USW00023183,"PHOENIX AIRPORT, AZ US",11/25/2016,64
USW00023183,"PHOENIX AIRPORT, AZ US",11/26/2016,66
USW00023183,"PHOENIX AIRPORT, AZ US",11/27/2016,60
USW00023183,"PHOENIX AIRPORT, AZ US",11/28/2016,52
USW00023183,"PHOENIX AIRPORT, AZ US",11/29/2016,53
USW00023183,"PHOENIX AIRPORT, AZ US",11/30/2016,51
USW00023183,"PHOENIX AIRPORT, AZ US",12/1/2016,51
USW00023183,"PHOENIX AIRPORT, AZ US",12/2/2016,52
USW00023183,"PHOENIX AIRPORT, AZ US",12/3/2016,54
USW00023183,"PHOENIX AIRPORT, AZ US",12/4/2016,56
USW00023183,"PHOENIX AIRPORT, AZ US",12/5/2016,55
USW00023183,"PHOENIX AIRPORT, AZ US",12/6/2016,55
USW00023183,"PHOENIX AIRPORT, AZ US",12/7/2016,57
USW00023183,"PHOENIX AIRPORT, AZ US",12/8/2016,55
USW00023183,"PHOENIX AIRPORT, AZ US",12/9/2016,58
USW00023183,"PHOENIX AIRPORT, AZ US",12/10/2016,59
USW00023183,"PHOENIX AIRPORT, AZ US",12/11/2016,61
USW00023183,"PHOENIX AIRPORT, AZ US",12/12/2016,62
USW00023183,"PHOENIX AIRPORT, AZ US",12/13/2016,63
USW00023183,"PHOENIX AIRPORT, AZ US",12/14/2016,62
USW00023183,"PHOENIX AIRPORT, AZ US",12/15/2016,63
USW00023183,"PHOENIX AIRPORT, AZ US",12/16/2016,64
USW00023183,"PHOENIX AIRPORT, AZ US",12/17/2016,60
USW00023183,"PHOENIX AIRPORT, AZ US",12/18/2016,50
USW00023183,"PHOENIX AIRPORT, AZ US",12/19/2016,53
USW00023183,"PHOENIX AIRPORT, AZ US",12/20/2016,62
USW00023183,"PHOENIX AIRPORT, AZ US",12/21/2016,64
USW00023183,"PHOENIX AIRPORT, AZ US",12/22/2016,63
USW00023183,"PHOENIX AIRPORT, AZ US",12/23/2016,57
USW00023183,"PHOENIX AIRPORT, AZ US",12/24/2016,55
USW00023183,"PHOENIX AIRPORT, AZ US",12/25/2016,47
USW00023183,"PHOENIX AIRPORT, AZ US",12/26/2016,47
USW00023183,"PHOENIX AIRPORT, AZ US",12/27/2016,53
USW00023183,"PHOENIX AIRPORT, AZ US",12/28/2016,55
USW00023183,"PHOENIX AIRPORT, AZ US",12/29/2016,59
USW00023183,"PHOENIX AIRPORT, AZ US",12/30/2016,63
USW00023183,"PHOENIX AIRPORT, AZ US",12/31/2016,59
USW00023183,"PHOENIX AIRPORT, AZ US",1/1/2017,56
USW00023183,"PHOENIX AIRPORT, AZ US",1/2/2017,53
USW00023183,"PHOENIX AIRPORT, AZ US",1/3/2017,52
USW00023183,"PHOENIX AIRPORT, AZ US",1/4/2017,55
USW00023183,"PHOENIX AIRPORT, AZ US",1/5/2017,56
USW00023183,"PHOENIX AIRPORT, AZ US",1/6/2017,60
USW00023183,"PHOENIX AIRPORT, AZ US",1/7/2017,53
USW00023183,"PHOENIX AIRPORT, AZ US",1/8/2017,59
USW00023183,"PHOENIX AIRPORT, AZ US",1/9/2017,61
USW00023183,"PHOENIX AIRPORT, AZ US",1/10/2017,58
USW00023183,"PHOENIX AIRPORT, AZ US",1/11/2017,58
USW00023183,"PHOENIX AIRPORT, AZ US",1/12/2017,57
USW00023183,"PHOENIX AIRPORT, AZ US",1/13/2017,61
USW00023183,"PHOENIX AIRPORT, AZ US",1/14/2017,59
USW00023183,"PHOENIX AIRPORT, AZ US",1/15/2017,56
USW00023183,"PHOENIX AIRPORT, AZ US",1/16/2017,56
USW00023183,"PHOENIX AIRPORT, AZ US",1/17/2017,53
USW00023183,"PHOENIX AIRPORT, AZ US",1/18/2017,54
USW00023183,"PHOENIX AIRPORT, AZ US",1/19/2017,54
USW00023183,"PHOENIX AIRPORT, AZ US",1/20/2017,51
USW00023183,"PHOENIX AIRPORT, AZ US",1/21/2017,53
USW00023183,"PHOENIX AIRPORT, AZ US",1/22/2017,51
USW00023183,"PHOENIX AIRPORT, AZ US",1/23/2017,56
USW00023183,"PHOENIX AIRPORT, AZ US",1/24/2017,50
USW00023183,"PHOENIX AIRPORT, AZ US",1/25/2017,47
USW00023183,"PHOENIX AIRPORT, AZ US",1/26/2017,47
USW00023183,"PHOENIX AIRPORT, AZ US",1/27/2017,49
USW00023183,"PHOENIX AIRPORT, AZ US",1/28/2017,50
USW00023183,"PHOENIX AIRPORT, AZ US",1/29/2017,55
USW00023183,"PHOENIX AIRPORT, AZ US",1/30/2017,61
USW00023183,"PHOENIX AIRPORT, AZ US",1/31/2017,59
USW00023183,"PHOENIX AIRPORT, AZ US",2/1/2017,60
USW00023183,"PHOENIX AIRPORT, AZ US",2/2/2017,60
USW00023183,"PHOENIX AIRPORT, AZ US",2/3/2017,60
USW00023183,"PHOENIX AIRPORT, AZ US",2/4/2017,60
USW00023183,"PHOENIX AIRPORT, AZ US",2/5/2017,61
USW00023183,"PHOENIX AIRPORT, AZ US",2/6/2017,62
USW00023183,"PHOENIX AIRPORT, AZ US",2/7/2017,61
USW00023183,"PHOENIX AIRPORT, AZ US",2/8/2017,64
USW00023183,"PHOENIX AIRPORT, AZ US",2/9/2017,67
USW00023183,"PHOENIX AIRPORT, AZ US",2/10/2017,69
USW00023183,"PHOENIX AIRPORT, AZ US",2/11/2017,70
USW00023183,"PHOENIX AIRPORT, AZ US",2/12/2017,68
USW00023183,"PHOENIX AIRPORT, AZ US",2/13/2017,67
USW00023183,"PHOENIX AIRPORT, AZ US",2/14/2017,65
USW00023183,"PHOENIX AIRPORT, AZ US",2/15/2017,66
USW00023183,"PHOENIX AIRPORT, AZ US",2/16/2017,63
USW00023183,"PHOENIX AIRPORT, AZ US",2/17/2017,65
USW00023183,"PHOENIX AIRPORT, AZ US",2/18/2017,63
USW00023183,"PHOENIX AIRPORT, AZ US",2/19/2017,53
USW00023183,"PHOENIX AIRPORT, AZ US",2/20/2017,57
USW00023183,"PHOENIX AIRPORT, AZ US",2/21/2017,61
USW00023183,"PHOENIX AIRPORT, AZ US",2/22/2017,65
USW00023183,"PHOENIX AIRPORT, AZ US",2/23/2017,61
USW00023183,"PHOENIX AIRPORT, AZ US",2/24/2017,53
USW00023183,"PHOENIX AIRPORT, AZ US",2/25/2017,54
USW00023183,"PHOENIX AIRPORT, AZ US",2/26/2017,59
USW00023183,"PHOENIX AIRPORT, AZ US",2/27/2017,57
USW00023183,"PHOENIX AIRPORT, AZ US",2/28/2017,56
USW00023183,"PHOENIX AIRPORT, AZ US",3/1/2017,57
USW00023183,"PHOENIX AIRPORT, AZ US",3/2/2017,61
USW00023183,"PHOENIX AIRPORT, AZ US",3/3/2017,66
USW00023183,"PHOENIX AIRPORT, AZ US",3/4/2017,65
USW00023183,"PHOENIX AIRPORT, AZ US",3/5/2017,66
USW00023183,"PHOENIX AIRPORT, AZ US",3/6/2017,61
USW00023183,"PHOENIX AIRPORT, AZ US",3/7/2017,59
USW00023183,"PHOENIX AIRPORT, AZ US",3/8/2017,64
USW00023183,"PHOENIX AIRPORT, AZ US",3/9/2017,70
USW00023183,"PHOENIX AIRPORT, AZ US",3/10/2017,72
USW00023183,"PHOENIX AIRPORT, AZ US",3/11/2017,74
USW00023183,"PHOENIX AIRPORT, AZ US",3/12/2017,74
USW00023183,"PHOENIX AIRPORT, AZ US",3/13/2017,76
USW00023183,"PHOENIX AIRPORT, AZ US",3/14/2017,77
USW00023183,"PHOENIX AIRPORT, AZ US",3/15/2017,77
USW00023183,"PHOENIX AIRPORT, AZ US",3/16/2017,77
USW00023183,"PHOENIX AIRPORT, AZ US",3/17/2017,79
USW00023183,"PHOENIX AIRPORT, AZ US",3/18/2017,80
USW00023183,"PHOENIX AIRPORT, AZ US",3/19/2017,80
USW00023183,"PHOENIX AIRPORT, AZ US",3/20/2017,82
USW00023183,"PHOENIX AIRPORT, AZ US",3/21/2017,81
USW00023183,"PHOENIX AIRPORT, AZ US",3/22/2017,76
USW00023183,"PHOENIX AIRPORT, AZ US",3/23/2017,65
USW00023183,"PHOENIX AIRPORT, AZ US",3/24/2017,64
USW00023183,"PHOENIX AIRPORT, AZ US",3/25/2017,69
USW00023183,"PHOENIX AIRPORT, AZ US",3/26/2017,70
USW00023183,"PHOENIX AIRPORT, AZ US",3/27/2017,71
USW00023183,"PHOENIX AIRPORT, AZ US",3/28/2017,69
USW00023183,"PHOENIX AIRPORT, AZ US",3/29/2017,70
USW00023183,"PHOENIX AIRPORT, AZ US",3/30/2017,73
USW00023183,"PHOENIX AIRPORT, AZ US",3/31/2017,69
USW00023183,"PHOENIX AIRPORT, AZ US",4/1/2017,61
USW00023183,"PHOENIX AIRPORT, AZ US",4/2/2017,66
USW00023183,"PHOENIX AIRPORT, AZ US",4/3/2017,72
USW00023183,"PHOENIX AIRPORT, AZ US",4/4/2017,70
USW00023183,"PHOENIX AIRPORT, AZ US",4/5/2017,71
USW00023183,"PHOENIX AIRPORT, AZ US",4/6/2017,74
USW00023183,"PHOENIX AIRPORT, AZ US",4/7/2017,77
USW00023183,"PHOENIX AIRPORT, AZ US",4/8/2017,76
USW00023183,"PHOENIX AIRPORT, AZ US",4/9/2017,72
USW00023183,"PHOENIX AIRPORT, AZ US",4/10/2017,70
USW00023183,"PHOENIX AIRPORT, AZ US",4/11/2017,73
USW00023183,"PHOENIX AIRPORT, AZ US",4/12/2017,76
USW00023183,"PHOENIX AIRPORT, AZ US",4/13/2017,79
USW00023183,"PHOENIX AIRPORT, AZ US",4/14/2017,78
USW00023183,"PHOENIX AIRPORT, AZ US",4/15/2017,76
USW00023183,"PHOENIX AIRPORT, AZ US",4/16/2017,77
USW00023183,"PHOENIX AIRPORT, AZ US",4/17/2017,78
USW00023183,"PHOENIX AIRPORT, AZ US",4/18/2017,80
USW00023183,"PHOENIX AIRPORT, AZ US",4/19/2017,82
USW00023183,"PHOENIX AIRPORT, AZ US",4/20/2017,79
USW00023183,"PHOENIX AIRPORT, AZ US",4/21/2017,79
USW00023183,"PHOENIX AIRPORT, AZ US",4/22/2017,81
USW00023183,"PHOENIX AIRPORT, AZ US",4/23/2017,83
USW00023183,"PHOENIX AIRPORT, AZ US",4/24/2017,84
USW00023183,"PHOENIX AIRPORT, AZ US",4/25/2017,79
USW00023183,"PHOENIX AIRPORT, AZ US",4/26/2017,77
USW00023183,"PHOENIX AIRPORT, AZ US",4/27/2017,80
USW00023183,"PHOENIX AIRPORT, AZ US",4/28/2017,80
USW00023183,"PHOENIX AIRPORT, AZ US",4/29/2017,70
USW00023183,"PHOENIX AIRPORT, AZ US",4/30/2017,73
USW00023183,"PHOENIX AIRPORT, AZ US",5/1/2017,78
USW00023183,"PHOENIX AIRPORT, AZ US",5/2/2017,82
USW00023183,"PHOENIX AIRPORT, AZ US",5/3/2017,86
USW00023183,"PHOENIX AIRPORT, AZ US",5/4/2017,88
USW00023183,"PHOENIX AIRPORT, AZ US",5/5/2017,92
USW00023183,"PHOENIX AIRPORT, AZ US",5/6/2017,91
USW00023183,"PHOENIX AIRPORT, AZ US",5/7/2017,72
USW00023183,"PHOENIX AIRPORT, AZ US",5/8/2017,69
USW00023183,"PHOENIX AIRPORT, AZ US",5/9/2017,66
USW00023183,"PHOENIX AIRPORT, AZ US",5/10/2017,68
USW00023183,"PHOENIX AIRPORT, AZ US",5/11/2017,75
USW00023183,"PHOENIX AIRPORT, AZ US",5/12/2017,84
USW00023183,"PHOENIX AIRPORT, AZ US",5/13/2017,86
USW00023183,"PHOENIX AIRPORT, AZ US",5/14/2017,83
USW00023183,"PHOENIX AIRPORT, AZ US",5/15/2017,79
USW00023183,"PHOENIX AIRPORT, AZ US",5/16/2017,71
USW00023183,"PHOENIX AIRPORT, AZ US",5/17/2017,72
USW00023183,"PHOENIX AIRPORT, AZ US",5/18/2017,77
USW00023183,"PHOENIX AIRPORT, AZ US",5/19/2017,74
USW00023183,"PHOENIX AIRPORT, AZ US",5/20/2017,80
USW00023183,"PHOENIX AIRPORT, AZ US",5/21/2017,86
USW00023183,"PHOENIX AIRPORT, AZ US",5/22/2017,89
USW00023183,"PHOENIX AIRPORT, AZ US",5/23/2017,92
USW00023183,"PHOENIX AIRPORT, AZ US",5/24/2017,92
USW00023183,"PHOENIX AIRPORT, AZ US",5/25/2017,92
USW00023183,"PHOENIX AIRPORT, AZ US",5/26/2017,86
USW00023183,"PHOENIX AIRPORT, AZ US",5/27/2017,84
USW00023183,"PHOENIX AIRPORT, AZ US",5/28/2017,86
USW00023183,"PHOENIX AIRPORT, AZ US",5/29/2017,90
USW00023183,"PHOENIX AIRPORT, AZ US",5/30/2017,91
USW00023183,"PHOENIX AIRPORT, AZ US",5/31/2017,90
USW00023183,"PHOENIX AIRPORT, AZ US",6/1/2017,88
USW00023183,"PHOENIX AIRPORT, AZ US",6/2/2017,87
USW00023183,"PHOENIX AIRPORT, AZ US",6/3/2017,92
USW00023183,"PHOENIX AIRPORT, AZ US",6/4/2017,95
USW00023183,"PHOENIX AIRPORT, AZ US",6/5/2017,96
USW00023183,"PHOENIX AIRPORT, AZ US",6/6/2017,96
USW00023183,"PHOENIX AIRPORT, AZ US",6/7/2017,94
USW00023183,"PHOENIX AIRPORT, AZ US",6/8/2017,93
USW00023183,"PHOENIX AIRPORT, AZ US",6/9/2017,94
USW00023183,"PHOENIX AIRPORT, AZ US",6/10/2017,92
USW00023183,"PHOENIX AIRPORT, AZ US",6/11/2017,89
USW00023183,"PHOENIX AIRPORT, AZ US",6/12/2017,85
USW00023183,"PHOENIX AIRPORT, AZ US",6/13/2017,83
USW00023183,"PHOENIX AIRPORT, AZ US",6/14/2017,86
USW00023183,"PHOENIX AIRPORT, AZ US",6/15/2017,90
USW00023183,"PHOENIX AIRPORT, AZ US",6/16/2017,93
USW00023183,"PHOENIX AIRPORT, AZ US",6/17/2017,95
USW00023183,"PHOENIX AIRPORT, AZ US",6/18/2017,97
USW00023183,"PHOENIX AIRPORT, AZ US",6/19/2017,101
USW00023183,"PHOENIX AIRPORT, AZ US",6/20/2017,104
USW00023183,"PHOENIX AIRPORT, AZ US",6/21/2017,105
USW00023183,"PHOENIX AIRPORT, AZ US",6/22/2017,103
USW00023183,"PHOENIX AIRPORT, AZ US",6/23/2017,100
USW00023183,"PHOENIX AIRPORT, AZ US",6/24/2017,102
USW00023183,"PHOENIX AIRPORT, AZ US",6/25/2017,105
USW00023183,"PHOENIX AIRPORT, AZ US",6/26/2017,101
USW00023183,"PHOENIX AIRPORT, AZ US",6/27/2017,101
USW00023183,"PHOENIX AIRPORT, AZ US",6/28/2017,97
USW00023183,"PHOENIX AIRPORT, AZ US",6/29/2017,96
USW00023183,"PHOENIX AIRPORT, AZ US",6/30/2017,96
USW00023183,"PHOENIX AIRPORT, AZ US",7/1/2017,96
USW00023183,"PHOENIX AIRPORT, AZ US",7/2/2017,98
USW00023183,"PHOENIX AIRPORT, AZ US",7/3/2017,98
USW00023183,"PHOENIX AIRPORT, AZ US",7/4/2017,99
USW00023183,"PHOENIX AIRPORT, AZ US",7/5/2017,100
USW00023183,"PHOENIX AIRPORT, AZ US",7/6/2017,101
USW00023183,"PHOENIX AIRPORT, AZ US",7/7/2017,104
USW00023183,"PHOENIX AIRPORT, AZ US",7/8/2017,105
USW00023183,"PHOENIX AIRPORT, AZ US",7/9/2017,98
USW00023183,"PHOENIX AIRPORT, AZ US",7/10/2017,98
USW00023183,"PHOENIX AIRPORT, AZ US",7/11/2017,94
USW00023183,"PHOENIX AIRPORT, AZ US",7/12/2017,96
USW00023183,"PHOENIX AIRPORT, AZ US",7/13/2017,98
USW00023183,"PHOENIX AIRPORT, AZ US",7/14/2017,97
USW00023183,"PHOENIX AIRPORT, AZ US",7/15/2017,97
USW00023183,"PHOENIX AIRPORT, AZ US",7/16/2017,92
USW00023183,"PHOENIX AIRPORT, AZ US",7/17/2017,87
USW00023183,"PHOENIX AIRPORT, AZ US",7/18/2017,91
USW00023183,"PHOENIX AIRPORT, AZ US",7/19/2017,90
USW00023183,"PHOENIX AIRPORT, AZ US",7/20/2017,93
USW00023183,"PHOENIX AIRPORT, AZ US",7/21/2017,92
USW00023183,"PHOENIX AIRPORT, AZ US",7/22/2017,93
USW00023183,"PHOENIX AIRPORT, AZ US",7/23/2017,93
USW00023183,"PHOENIX AIRPORT, AZ US",7/24/2017,82
USW00023183,"PHOENIX AIRPORT, AZ US",7/25/2017,89
USW00023183,"PHOENIX AIRPORT, AZ US",7/26/2017,94
USW00023183,"PHOENIX AIRPORT, AZ US",7/27/2017,98
USW00023183,"PHOENIX AIRPORT, AZ US",7/28/2017,93
USW00023183,"PHOENIX AIRPORT, AZ US",7/29/2017,92
USW00023183,"PHOENIX AIRPORT, AZ US",7/30/2017,87
USW00023183,"PHOENIX AIRPORT, AZ US",7/31/2017,95
USW00023183,"PHOENIX AIRPORT, AZ US",8/1/2017,95
USW00023183,"PHOENIX AIRPORT, AZ US",8/2/2017,91
USW00023183,"PHOENIX AIRPORT, AZ US",8/3/2017,91
USW00023183,"PHOENIX AIRPORT, AZ US",8/4/2017,86
USW00023183,"PHOENIX AIRPORT, AZ US",8/5/2017,94
USW00023183,"PHOENIX AIRPORT, AZ US",8/6/2017,95
USW00023183,"PHOENIX AIRPORT, AZ US",8/7/2017,96
USW00023183,"PHOENIX AIRPORT, AZ US",8/8/2017,96
USW00023183,"PHOENIX AIRPORT, AZ US",8/9/2017,98
USW00023183,"PHOENIX AIRPORT, AZ US",8/10/2017,98
USW00023183,"PHOENIX AIRPORT, AZ US",8/11/2017,94
USW00023183,"PHOENIX AIRPORT, AZ US",8/12/2017,96
USW00023183,"PHOENIX AIRPORT, AZ US",8/13/2017,88
USW00023183,"PHOENIX AIRPORT, AZ US",8/14/2017,92
USW00023183,"PHOENIX AIRPORT, AZ US",8/15/2017,93
USW00023183,"PHOENIX AIRPORT, AZ US",8/16/2017,91
USW00023183,"PHOENIX AIRPORT, AZ US",8/17/2017,92
USW00023183,"PHOENIX AIRPORT, AZ US",8/18/2017,92
USW00023183,"PHOENIX AIRPORT, AZ US",8/19/2017,94
USW00023183,"PHOENIX AIRPORT, AZ US",8/20/2017,94
USW00023183,"PHOENIX AIRPORT, AZ US",8/21/2017,94
USW00023183,"PHOENIX AIRPORT, AZ US",8/22/2017,95
USW00023183,"PHOENIX AIRPORT, AZ US",8/23/2017,97
USW00023183,"PHOENIX AIRPORT, AZ US",8/24/2017,89
USW00023183,"PHOENIX AIRPORT, AZ US",8/25/2017,96
USW00023183,"PHOENIX AIRPORT, AZ US",8/26/2017,98
USW00023183,"PHOENIX AIRPORT, AZ US",8/27/2017,98
USW00023183,"PHOENIX AIRPORT, AZ US",8/28/2017,100
USW00023183,"PHOENIX AIRPORT, AZ US",8/29/2017,98
USW00023183,"PHOENIX AIRPORT, AZ US",8/30/2017,99
USW00023183,"PHOENIX AIRPORT, AZ US",8/31/2017,98
USW00023183,"PHOENIX AIRPORT, AZ US",9/1/2017,97
USW00023183,"PHOENIX AIRPORT, AZ US",9/2/2017,95
USW00023183,"PHOENIX AIRPORT, AZ US",9/3/2017,92
USW00023183,"PHOENIX AIRPORT, AZ US",9/4/2017,91
USW00023183,"PHOENIX AIRPORT, AZ US",9/5/2017,95
USW00023183,"PHOENIX AIRPORT, AZ US",9/6/2017,97
USW00023183,"PHOENIX AIRPORT, AZ US",9/7/2017,95
USW00023183,"PHOENIX AIRPORT, AZ US",9/8/2017,92
USW00023183,"PHOENIX AIRPORT, AZ US",9/9/2017,87
USW00023183,"PHOENIX AIRPORT, AZ US",9/10/2017,90
USW00023183,"PHOENIX AIRPORT, AZ US",9/11/2017,97
USW00023183,"PHOENIX AIRPORT, AZ US",9/12/2017,97
USW00023183,"PHOENIX AIRPORT, AZ US",9/13/2017,98
USW00023183,"PHOENIX AIRPORT, AZ US",9/14/2017,95
USW00023183,"PHOENIX AIRPORT, AZ US",9/15/2017,88
USW00023183,"PHOENIX AIRPORT, AZ US",9/16/2017,86
USW00023183,"PHOENIX AIRPORT, AZ US",9/17/2017,88
USW00023183,"PHOENIX AIRPORT, AZ US",9/18/2017,86
USW00023183,"PHOENIX AIRPORT, AZ US",9/19/2017,86
USW00023183,"PHOENIX AIRPORT, AZ US",9/20/2017,85
USW00023183,"PHOENIX AIRPORT, AZ US",9/21/2017,86
USW00023183,"PHOENIX AIRPORT, AZ US",9/22/2017,83
USW00023183,"PHOENIX AIRPORT, AZ US",9/23/2017,77
USW00023183,"PHOENIX AIRPORT, AZ US",9/24/2017,75
USW00023183,"PHOENIX AIRPORT, AZ US",9/25/2017,75
USW00023183,"PHOENIX AIRPORT, AZ US",9/26/2017,76
USW00023183,"PHOENIX AIRPORT, AZ US",9/27/2017,80
USW00023183,"PHOENIX AIRPORT, AZ US",9/28/2017,80
USW00023183,"PHOENIX AIRPORT, AZ US",9/29/2017,83
USW00023183,"PHOENIX AIRPORT, AZ US",9/30/2017,85
USW00023183,"PHOENIX AIRPORT, AZ US",10/1/2017,83
USW00023183,"PHOENIX AIRPORT, AZ US",10/2/2017,83
USW00023183,"PHOENIX AIRPORT, AZ US",10/3/2017,81
USW00023183,"PHOENIX AIRPORT, AZ US",10/4/2017,84
USW00023183,"PHOENIX AIRPORT, AZ US",10/5/2017,86
USW00023183,"PHOENIX AIRPORT, AZ US",10/6/2017,84
USW00023183,"PHOENIX AIRPORT, AZ US",10/7/2017,82
USW00023183,"PHOENIX AIRPORT, AZ US",10/8/2017,79
USW00023183,"PHOENIX AIRPORT, AZ US",10/9/2017,79
USW00023183,"PHOENIX AIRPORT, AZ US",10/10/2017,77
USW00023183,"PHOENIX AIRPORT, AZ US",10/11/2017,82
USW00023183,"PHOENIX AIRPORT, AZ US",10/12/2017,81
USW00023183,"PHOENIX AIRPORT, AZ US",10/13/2017,81
USW00023183,"PHOENIX AIRPORT, AZ US",10/14/2017,81
USW00023183,"PHOENIX AIRPORT, AZ US",10/15/2017,80
USW00023183,"PHOENIX AIRPORT, AZ US",10/16/2017,83
USW00023183,"PHOENIX AIRPORT, AZ US",10/17/2017,85
USW00023183,"PHOENIX AIRPORT, AZ US",10/18/2017,84
USW00023183,"PHOENIX AIRPORT, AZ US",10/19/2017,85
USW00023183,"PHOENIX AIRPORT, AZ US",10/20/2017,80
USW00023183,"PHOENIX AIRPORT, AZ US",10/21/2017,75
USW00023183,"PHOENIX AIRPORT, AZ US",10/22/2017,75
USW00023183,"PHOENIX AIRPORT, AZ US",10/23/2017,79
USW00023183,"PHOENIX AIRPORT, AZ US",10/24/2017,83
USW00023183,"PHOENIX AIRPORT, AZ US",10/25/2017,84
USW00023183,"PHOENIX AIRPORT, AZ US",10/26/2017,79
USW00023183,"PHOENIX AIRPORT, AZ US",10/27/2017,78
USW00023183,"PHOENIX AIRPORT, AZ US",10/28/2017,78
USW00023183,"PHOENIX AIRPORT, AZ US",10/29/2017,78
USW00023183,"PHOENIX AIRPORT, AZ US",10/30/2017,75
USW00023183,"PHOENIX AIRPORT, AZ US",10/31/2017,73
USW00023183,"PHOENIX AIRPORT, AZ US",11/1/2017,72
USW00023183,"PHOENIX AIRPORT, AZ US",11/2/2017,73
USW00023183,"PHOENIX AIRPORT, AZ US",11/3/2017,72
USW00023183,"PHOENIX AIRPORT, AZ US",11/4/2017,73
USW00023183,"PHOENIX AIRPORT, AZ US",11/5/2017,73
USW00023183,"PHOENIX AIRPORT, AZ US",11/6/2017,70
USW00023183,"PHOENIX AIRPORT, AZ US",11/7/2017,73
USW00023183,"PHOENIX AIRPORT, AZ US",11/8/2017,74
USW00023183,"PHOENIX AIRPORT, AZ US",11/9/2017,74
USW00023183,"PHOENIX AIRPORT, AZ US",11/10/2017,73
USW00023183,"PHOENIX AIRPORT, AZ US",11/11/2017,72
USW00023183,"PHOENIX AIRPORT, AZ US",11/12/2017,71
USW00023183,"PHOENIX AIRPORT, AZ US",11/13/2017,74
USW00023183,"PHOENIX AIRPORT, AZ US",11/14/2017,72
USW00023183,"PHOENIX AIRPORT, AZ US",11/15/2017,71
USW00023183,"PHOENIX AIRPORT, AZ US",11/16/2017,72
USW00023183,"PHOENIX AIRPORT, AZ US",11/17/2017,71
USW00023183,"PHOENIX AIRPORT, AZ US",11/18/2017,68
USW00023183,"PHOENIX AIRPORT, AZ US",11/19/2017,66
USW00023183,"PHOENIX AIRPORT, AZ US",11/20/2017,66
USW00023183,"PHOENIX AIRPORT, AZ US",11/21/2017,65
USW00023183,"PHOENIX AIRPORT, AZ US",11/22/2017,70
USW00023183,"PHOENIX AIRPORT, AZ US",11/23/2017,73
USW00023183,"PHOENIX AIRPORT, AZ US",11/24/2017,71
USW00023183,"PHOENIX AIRPORT, AZ US",11/25/2017,71
USW00023183,"PHOENIX AIRPORT, AZ US",11/26/2017,71
USW00023183,"PHOENIX AIRPORT, AZ US",11/27/2017,69
USW00023183,"PHOENIX AIRPORT, AZ US",11/28/2017,65
USW00023183,"PHOENIX AIRPORT, AZ US",11/29/2017,65
USW00023183,"PHOENIX AIRPORT, AZ US",11/30/2017,69
USW00023183,"PHOENIX AIRPORT, AZ US",12/1/2017,68
USW00023183,"PHOENIX AIRPORT, AZ US",12/2/2017,68
USW00023183,"PHOENIX AIRPORT, AZ US",12/3/2017,69
USW00023183,"PHOENIX AIRPORT, AZ US",12/4/2017,65
USW00023183,"PHOENIX AIRPORT, AZ US",12/5/2017,57
USW00023183,"PHOENIX AIRPORT, AZ US",12/6/2017,60
USW00023183,"PHOENIX AIRPORT, AZ US",12/7/2017,61
USW00023183,"PHOENIX AIRPORT, AZ US",12/8/2017,55
USW00023183,"PHOENIX AIRPORT, AZ US",12/9/2017,56
USW00023183,"PHOENIX AIRPORT, AZ US",12/10/2017,68
USW00023183,"PHOENIX AIRPORT, AZ US",12/11/2017,65
USW00023183,"PHOENIX AIRPORT, AZ US",12/12/2017,61
USW00023183,"PHOENIX AIRPORT, AZ US",12/13/2017,63
USW00023183,"PHOENIX AIRPORT, AZ US",12/14/2017,58
USW00023183,"PHOENIX AIRPORT, AZ US",12/15/2017,64
USW00023183,"PHOENIX AIRPORT, AZ US",12/16/2017,57
USW00023183,"PHOENIX AIRPORT, AZ US",12/17/2017,56
USW00023183,"PHOENIX AIRPORT, AZ US",12/18/2017,56
USW00023183,"PHOENIX AIRPORT, AZ US",12/19/2017,55
USW00023183,"PHOENIX AIRPORT, AZ US",12/20/2017,55
USW00023183,"PHOENIX AIRPORT, AZ US",12/21/2017,54
USW00023183,"PHOENIX AIRPORT, AZ US",12/22/2017,47
USW00023183,"PHOENIX AIRPORT, AZ US",12/23/2017,48
USW00023183,"PHOENIX AIRPORT, AZ US",12/24/2017,52
USW00023183,"PHOENIX AIRPORT, AZ US",12/25/2017,55
USW00023183,"PHOENIX AIRPORT, AZ US",12/26/2017,53
USW00023183,"PHOENIX AIRPORT, AZ US",12/27/2017,57
USW00023183,"PHOENIX AIRPORT, AZ US",12/28/2017,57
USW00023183,"PHOENIX AIRPORT, AZ US",12/29/2017,59
USW00023183,"PHOENIX AIRPORT, AZ US",12/30/2017,60
USW00023183,"PHOENIX AIRPORT, AZ US",12/31/2017,58
USW00023183,"PHOENIX AIRPORT, AZ US",1/1/2018,56
USW00023183,"PHOENIX AIRPORT, AZ US",1/2/2018,60
USW00023183,"PHOENIX AIRPORT, AZ US",1/3/2018,61
USW00023183,"PHOENIX AIRPORT, AZ US",1/4/2018,66
USW00023183,"PHOENIX AIRPORT, AZ US",1/5/2018,63
USW00023183,"PHOENIX AIRPORT, AZ US",1/6/2018,62
USW00023183,"PHOENIX AIRPORT, AZ US",1/7/2018,65
USW00023183,"PHOENIX AIRPORT, AZ US",1/8/2018,63
USW00023183,"PHOENIX AIRPORT, AZ US",1/9/2018,66
USW00023183,"PHOENIX AIRPORT, AZ US",1/10/2018,59
USW00023183,"PHOENIX AIRPORT, AZ US",1/11/2018,57
USW00023183,"PHOENIX AIRPORT, AZ US",1/12/2018,59
USW00023183,"PHOENIX AIRPORT, AZ US",1/13/2018,61
USW00023183,"PHOENIX AIRPORT, AZ US",1/14/2018,63
USW00023183,"PHOENIX AIRPORT, AZ US",1/15/2018,62
USW00023183,"PHOENIX AIRPORT, AZ US",1/16/2018,62
USW00023183,"PHOENIX AIRPORT, AZ US",1/17/2018,61
USW00023183,"PHOENIX AIRPORT, AZ US",1/18/2018,60
USW00023183,"PHOENIX AIRPORT, AZ US",1/19/2018,62
USW00023183,"PHOENIX AIRPORT, AZ US",1/20/2018,60
USW00023183,"PHOENIX AIRPORT, AZ US",1/21/2018,50
USW00023183,"PHOENIX AIRPORT, AZ US",1/22/2018,49
USW00023183,"PHOENIX AIRPORT, AZ US",1/23/2018,53
USW00023183,"PHOENIX AIRPORT, AZ US",1/24/2018,60
USW00023183,"PHOENIX AIRPORT, AZ US",1/25/2018,61
USW00023183,"PHOENIX AIRPORT, AZ US",1/26/2018,60
USW00023183,"PHOENIX AIRPORT, AZ US",1/27/2018,57
USW00023183,"PHOENIX AIRPORT, AZ US",1/28/2018,62
USW00023183,"PHOENIX AIRPORT, AZ US",1/29/2018,69
USW00023183,"PHOENIX AIRPORT, AZ US",1/30/2018,67
USW00023183,"PHOENIX AIRPORT, AZ US",1/31/2018,65
USW00023183,"PHOENIX AIRPORT, AZ US",2/1/2018,64
USW00023183,"PHOENIX AIRPORT, AZ US",2/2/2018,64
USW00023183,"PHOENIX AIRPORT, AZ US",2/3/2018,64
USW00023183,"PHOENIX AIRPORT, AZ US",2/4/2018,65
USW00023183,"PHOENIX AIRPORT, AZ US",2/5/2018,65
USW00023183,"PHOENIX AIRPORT, AZ US",2/6/2018,66
USW00023183,"PHOENIX AIRPORT, AZ US",2/7/2018,66
USW00023183,"PHOENIX AIRPORT, AZ US",2/8/2018,65
USW00023183,"PHOENIX AIRPORT, AZ US",2/9/2018,67
USW00023183,"PHOENIX AIRPORT, AZ US",2/10/2018,66
USW00023183,"PHOENIX AIRPORT, AZ US",2/11/2018,67
USW00023183,"PHOENIX AIRPORT, AZ US",2/12/2018,63
USW00023183,"PHOENIX AIRPORT, AZ US",2/13/2018,64
USW00023183,"PHOENIX AIRPORT, AZ US",2/14/2018,60
USW00023183,"PHOENIX AIRPORT, AZ US",2/15/2018,56
USW00023183,"PHOENIX AIRPORT, AZ US",2/16/2018,59
USW00023183,"PHOENIX AIRPORT, AZ US",2/17/2018,60
USW00023183,"PHOENIX AIRPORT, AZ US",2/18/2018,62
USW00023183,"PHOENIX AIRPORT, AZ US",2/19/2018,64
USW00023183,"PHOENIX AIRPORT, AZ US",2/20/2018,51
USW00023183,"PHOENIX AIRPORT, AZ US",2/21/2018,50
USW00023183,"PHOENIX AIRPORT, AZ US",2/22/2018,52
USW00023183,"PHOENIX AIRPORT, AZ US",2/23/2018,52
USW00023183,"PHOENIX AIRPORT, AZ US",2/24/2018,49
USW00023183,"PHOENIX AIRPORT, AZ US",2/25/2018,50
USW00023183,"PHOENIX AIRPORT, AZ US",2/26/2018,53
USW00023183,"PHOENIX AIRPORT, AZ US",2/27/2018,57
USW00023183,"PHOENIX AIRPORT, AZ US",2/28/2018,51
USW00023183,"PHOENIX AIRPORT, AZ US",3/1/2018,54
USW00023183,"PHOENIX AIRPORT, AZ US",3/2/2018,59
USW00023183,"PHOENIX AIRPORT, AZ US",3/3/2018,62
USW00023183,"PHOENIX AIRPORT, AZ US",3/4/2018,63
USW00023183,"PHOENIX AIRPORT, AZ US",3/5/2018,57
USW00023183,"PHOENIX AIRPORT, AZ US",3/6/2018,62
USW00023183,"PHOENIX AIRPORT, AZ US",3/7/2018,66
USW00023183,"PHOENIX AIRPORT, AZ US",3/8/2018,69
USW00023183,"PHOENIX AIRPORT, AZ US",3/9/2018,68
USW00023183,"PHOENIX AIRPORT, AZ US",3/10/2018,71
USW00023183,"PHOENIX AIRPORT, AZ US",3/11/2018,64
USW00023183,"PHOENIX AIRPORT, AZ US",3/12/2018,69
USW00023183,"PHOENIX AIRPORT, AZ US",3/13/2018,72
USW00023183,"PHOENIX AIRPORT, AZ US",3/14/2018,73
USW00023183,"PHOENIX AIRPORT, AZ US",3/15/2018,68
USW00023183,"PHOENIX AIRPORT, AZ US",3/16/2018,63
USW00023183,"PHOENIX AIRPORT, AZ US",3/17/2018,63
USW00023183,"PHOENIX AIRPORT, AZ US",3/18/2018,62
USW00023183,"PHOENIX AIRPORT, AZ US",3/19/2018,61
USW00023183,"PHOENIX AIRPORT, AZ US",3/20/2018,64
USW00023183,"PHOENIX AIRPORT, AZ US",3/21/2018,70
USW00023183,"PHOENIX AIRPORT, AZ US",3/22/2018,75
USW00023183,"PHOENIX AIRPORT, AZ US",3/23/2018,77
USW00023183,"PHOENIX AIRPORT, AZ US",3/24/2018,72
USW00023183,"PHOENIX AIRPORT, AZ US",3/25/2018,67
USW00023183,"PHOENIX AIRPORT, AZ US",3/26/2018,66
USW00023183,"PHOENIX AIRPORT, AZ US",3/27/2018,63
USW00023183,"PHOENIX AIRPORT, AZ US",3/28/2018,66
USW00023183,"PHOENIX AIRPORT, AZ US",3/29/2018,69
USW00023183,"PHOENIX AIRPORT, AZ US",3/30/2018,75
USW00023183,"PHOENIX AIRPORT, AZ US",3/31/2018,77
USW00023183,"PHOENIX AIRPORT, AZ US",4/1/2018,78
USW00023183,"PHOENIX AIRPORT, AZ US",4/2/2018,77
USW00023183,"PHOENIX AIRPORT, AZ US",4/3/2018,76
USW00023183,"PHOENIX AIRPORT, AZ US",4/4/2018,76
USW00023183,"PHOENIX AIRPORT, AZ US",4/5/2018,78
USW00023183,"PHOENIX AIRPORT, AZ US",4/6/2018,80
USW00023183,"PHOENIX AIRPORT, AZ US",4/7/2018,81
USW00023183,"PHOENIX AIRPORT, AZ US",4/8/2018,84
USW00023183,"PHOENIX AIRPORT, AZ US",4/9/2018,81
USW00023183,"PHOENIX AIRPORT, AZ US",4/10/2018,82
USW00023183,"PHOENIX AIRPORT, AZ US",4/11/2018,82
USW00023183,"PHOENIX AIRPORT, AZ US",4/12/2018,81
USW00023183,"PHOENIX AIRPORT, AZ US",4/13/2018,69
USW00023183,"PHOENIX AIRPORT, AZ US",4/14/2018,70
USW00023183,"PHOENIX AIRPORT, AZ US",4/15/2018,73
USW00023183,"PHOENIX AIRPORT, AZ US",4/16/2018,76
USW00023183,"PHOENIX AIRPORT, AZ US",4/17/2018,71
USW00023183,"PHOENIX AIRPORT, AZ US",4/18/2018,68
USW00023183,"PHOENIX AIRPORT, AZ US",4/19/2018,72
USW00023183,"PHOENIX AIRPORT, AZ US",4/20/2018,66
USW00023183,"PHOENIX AIRPORT, AZ US",4/21/2018,72
USW00023183,"PHOENIX AIRPORT, AZ US",4/22/2018,80
USW00023183,"PHOENIX AIRPORT, AZ US",4/23/2018,81
USW00023183,"PHOENIX AIRPORT, AZ US",4/24/2018,84
USW00023183,"PHOENIX AIRPORT, AZ US",4/25/2018,85
USW00023183,"PHOENIX AIRPORT, AZ US",4/26/2018,85
USW00023183,"PHOENIX AIRPORT, AZ US",4/27/2018,86
USW00023183,"PHOENIX AIRPORT, AZ US",4/28/2018,87
USW00023183,"PHOENIX AIRPORT, AZ US",4/29/2018,83
USW00023183,"PHOENIX AIRPORT, AZ US",4/30/2018,78
USW00023183,"PHOENIX AIRPORT, AZ US",5/1/2018,73
USW00023183,"PHOENIX AIRPORT, AZ US",5/2/2018,67
USW00023183,"PHOENIX AIRPORT, AZ US",5/3/2018,69
USW00023183,"PHOENIX AIRPORT, AZ US",5/4/2018,78
USW00023183,"PHOENIX AIRPORT, AZ US",5/5/2018,86
USW00023183,"PHOENIX AIRPORT, AZ US",5/6/2018,91
USW00023183,"PHOENIX AIRPORT, AZ US",5/7/2018,90
USW00023183,"PHOENIX AIRPORT, AZ US",5/8/2018,90
USW00023183,"PHOENIX AIRPORT, AZ US",5/9/2018,90
USW00023183,"PHOENIX AIRPORT, AZ US",5/10/2018,91
USW00023183,"PHOENIX AIRPORT, AZ US",5/11/2018,90
USW00023183,"PHOENIX AIRPORT, AZ US",5/12/2018,83
USW00023183,"PHOENIX AIRPORT, AZ US",5/13/2018,78
USW00023183,"PHOENIX AIRPORT, AZ US",5/14/2018,80
USW00023183,"PHOENIX AIRPORT, AZ US",5/15/2018,83
USW00023183,"PHOENIX AIRPORT, AZ US",5/16/2018,85
USW00023183,"PHOENIX AIRPORT, AZ US",5/17/2018,87
USW00023183,"PHOENIX AIRPORT, AZ US",5/18/2018,84
USW00023183,"PHOENIX AIRPORT, AZ US",5/19/2018,83
USW00023183,"PHOENIX AIRPORT, AZ US",5/20/2018,86
USW00023183,"PHOENIX AIRPORT, AZ US",5/21/2018,86
USW00023183,"PHOENIX AIRPORT, AZ US",5/22/2018,83
USW00023183,"PHOENIX AIRPORT, AZ US",5/23/2018,82
USW00023183,"PHOENIX AIRPORT, AZ US",5/24/2018,85
USW00023183,"PHOENIX AIRPORT, AZ US",5/25/2018,87
USW00023183,"PHOENIX AIRPORT, AZ US",5/26/2018,85
USW00023183,"PHOENIX AIRPORT, AZ US",5/27/2018,81
USW00023183,"PHOENIX AIRPORT, AZ US",5/28/2018,84
USW00023183,"PHOENIX AIRPORT, AZ US",5/29/2018,89
USW00023183,"PHOENIX AIRPORT, AZ US",5/30/2018,92
USW00023183,"PHOENIX AIRPORT, AZ US",5/31/2018,89
USW00023183,"PHOENIX AIRPORT, AZ US",6/1/2018,88
USW00023183,"PHOENIX AIRPORT, AZ US",6/2/2018,90
USW00023183,"PHOENIX AIRPORT, AZ US",6/3/2018,93
USW00023183,"PHOENIX AIRPORT, AZ US",6/4/2018,94
USW00023183,"PHOENIX AIRPORT, AZ US",6/5/2018,94
USW00023183,"PHOENIX AIRPORT, AZ US",6/6/2018,93
USW00023183,"PHOENIX AIRPORT, AZ US",6/7/2018,90
USW00023183,"PHOENIX AIRPORT, AZ US",6/8/2018,94
USW00023183,"PHOENIX AIRPORT, AZ US",6/9/2018,95
USW00023183,"PHOENIX AIRPORT, AZ US",6/10/2018,94
USW00023183,"PHOENIX AIRPORT, AZ US",6/11/2018,92
USW00023183,"PHOENIX AIRPORT, AZ US",6/12/2018,95
USW00023183,"PHOENIX AIRPORT, AZ US",6/13/2018,98
USW00023183,"PHOENIX AIRPORT, AZ US",6/14/2018,100
USW00023183,"PHOENIX AIRPORT, AZ US",6/15/2018,94
USW00023183,"PHOENIX AIRPORT, AZ US",6/16/2018,81
USW00023183,"PHOENIX AIRPORT, AZ US",6/17/2018,83
USW00023183,"PHOENIX AIRPORT, AZ US",6/18/2018,88
USW00023183,"PHOENIX AIRPORT, AZ US",6/19/2018,90
USW00023183,"PHOENIX AIRPORT, AZ US",6/20/2018,93
USW00023183,"PHOENIX AIRPORT, AZ US",6/21/2018,96
USW00023183,"PHOENIX AIRPORT, AZ US",6/22/2018,97
USW00023183,"PHOENIX AIRPORT, AZ US",6/23/2018,98
USW00023183,"PHOENIX AIRPORT, AZ US",6/24/2018,94
USW00023183,"PHOENIX AIRPORT, AZ US",6/25/2018,94
USW00023183,"PHOENIX AIRPORT, AZ US",6/26/2018,96
USW00023183,"PHOENIX AIRPORT, AZ US",6/27/2018,97
USW00023183,"PHOENIX AIRPORT, AZ US",6/28/2018,98
USW00023183,"PHOENIX AIRPORT, AZ US",6/29/2018,94
USW00023183,"PHOENIX AIRPORT, AZ US",6/30/2018,92
USW00023183,"PHOENIX AIRPORT, AZ US",7/1/2018,91
USW00023183,"PHOENIX AIRPORT, AZ US",7/2/2018,94
USW00023183,"PHOENIX AIRPORT, AZ US",7/3/2018,97
USW00023183,"PHOENIX AIRPORT, AZ US",7/4/2018,97
USW00023183,"PHOENIX AIRPORT, AZ US",7/5/2018,100
USW00023183,"PHOENIX AIRPORT, AZ US",7/6/2018,103
USW00023183,"PHOENIX AIRPORT, AZ US",7/7/2018,103
USW00023183,"PHOENIX AIRPORT, AZ US",7/8/2018,102
USW00023183,"PHOENIX AIRPORT, AZ US",7/9/2018,95
USW00023183,"PHOENIX AIRPORT, AZ US",7/10/2018,82
USW00023183,"PHOENIX AIRPORT, AZ US",7/11/2018,87
USW00023183,"PHOENIX AIRPORT, AZ US",7/12/2018,87
USW00023183,"PHOENIX AIRPORT, AZ US",7/13/2018,93
USW00023183,"PHOENIX AIRPORT, AZ US",7/14/2018,94
USW00023183,"PHOENIX AIRPORT, AZ US",7/15/2018,92
USW00023183,"PHOENIX AIRPORT, AZ US",7/16/2018,93
USW00023183,"PHOENIX AIRPORT, AZ US",7/17/2018,94
USW00023183,"PHOENIX AIRPORT, AZ US",7/18/2018,94
USW00023183,"PHOENIX AIRPORT, AZ US",7/19/2018,95
USW00023183,"PHOENIX AIRPORT, AZ US",7/20/2018,99
USW00023183,"PHOENIX AIRPORT, AZ US",7/21/2018,95
USW00023183,"PHOENIX AIRPORT, AZ US",7/22/2018,95
USW00023183,"PHOENIX AIRPORT, AZ US",7/23/2018,100
USW00023183,"PHOENIX AIRPORT, AZ US",7/24/2018,104
USW00023183,"PHOENIX AIRPORT, AZ US",7/25/2018,105
USW00023183,"PHOENIX AIRPORT, AZ US",7/26/2018,103
USW00023183,"PHOENIX AIRPORT, AZ US",7/27/2018,101
USW00023183,"PHOENIX AIRPORT, AZ US",7/28/2018,99
USW00023183,"PHOENIX AIRPORT, AZ US",7/29/2018,94
USW00023183,"PHOENIX AIRPORT, AZ US",7/30/2018,98
USW00023183,"PHOENIX AIRPORT, AZ US",7/31/2018,93
USW00023183,"PHOENIX AIRPORT, AZ US",8/1/2018,99
USW00023183,"PHOENIX AIRPORT, AZ US",8/2/2018,100
USW00023183,"PHOENIX AIRPORT, AZ US",8/3/2018,97
USW00023183,"PHOENIX AIRPORT, AZ US",8/4/2018,101
USW00023183,"PHOENIX AIRPORT, AZ US",8/5/2018,102
USW00023183,"PHOENIX AIRPORT, AZ US",8/6/2018,103
USW00023183,"PHOENIX AIRPORT, AZ US",8/7/2018,102
USW00023183,"PHOENIX AIRPORT, AZ US",8/8/2018,93
USW00023183,"PHOENIX AIRPORT, AZ US",8/9/2018,90
USW00023183,"PHOENIX AIRPORT, AZ US",8/10/2018,88
USW00023183,"PHOENIX AIRPORT, AZ US",8/11/2018,88
USW00023183,"PHOENIX AIRPORT, AZ US",8/12/2018,92
USW00023183,"PHOENIX AIRPORT, AZ US",8/13/2018,88
USW00023183,"PHOENIX AIRPORT, AZ US",8/14/2018,94
USW00023183,"PHOENIX AIRPORT, AZ US",8/15/2018,89
USW00023183,"PHOENIX AIRPORT, AZ US",8/16/2018,91
USW00023183,"PHOENIX AIRPORT, AZ US",8/17/2018,91
USW00023183,"PHOENIX AIRPORT, AZ US",8/18/2018,96
USW00023183,"PHOENIX AIRPORT, AZ US",8/19/2018,97
USW00023183,"PHOENIX AIRPORT, AZ US",8/20/2018,100
USW00023183,"PHOENIX AIRPORT, AZ US",8/21/2018,96
USW00023183,"PHOENIX AIRPORT, AZ US",8/22/2018,93
USW00023183,"PHOENIX AIRPORT, AZ US",8/23/2018,92
USW00023183,"PHOENIX AIRPORT, AZ US",8/24/2018,87
USW00023183,"PHOENIX AIRPORT, AZ US",8/25/2018,88
USW00023183,"PHOENIX AIRPORT, AZ US",8/26/2018,92
USW00023183,"PHOENIX AIRPORT, AZ US",8/27/2018,95
USW00023183,"PHOENIX AIRPORT, AZ US",8/28/2018,93
USW00023183,"PHOENIX AIRPORT, AZ US",8/29/2018,93
USW00023183,"PHOENIX AIRPORT, AZ US",8/30/2018,94
USW00023183,"PHOENIX AIRPORT, AZ US",8/31/2018,95
USW00023183,"PHOENIX AIRPORT, AZ US",9/1/2018,96
USW00023183,"PHOENIX AIRPORT, AZ US",9/2/2018,93
USW00023183,"PHOENIX AIRPORT, AZ US",9/3/2018,87
USW00023183,"PHOENIX AIRPORT, AZ US",9/4/2018,90
USW00023183,"PHOENIX AIRPORT, AZ US",9/5/2018,92
USW00023183,"PHOENIX AIRPORT, AZ US",9/6/2018,92
USW00023183,"PHOENIX AIRPORT, AZ US",9/7/2018,95
USW00023183,"PHOENIX AIRPORT, AZ US",9/8/2018,96
USW00023183,"PHOENIX AIRPORT, AZ US",9/9/2018,96
USW00023183,"PHOENIX AIRPORT, AZ US",9/10/2018,96
USW00023183,"PHOENIX AIRPORT, AZ US",9/11/2018,95
USW00023183,"PHOENIX AIRPORT, AZ US",9/12/2018,95
USW00023183,"PHOENIX AIRPORT, AZ US",9/13/2018,93
USW00023183,"PHOENIX AIRPORT, AZ US",9/14/2018,93
USW00023183,"PHOENIX AIRPORT, AZ US",9/15/2018,96
USW00023183,"PHOENIX AIRPORT, AZ US",9/16/2018,96
USW00023183,"PHOENIX AIRPORT, AZ US",9/17/2018,96
USW00023183,"PHOENIX AIRPORT, AZ US",9/18/2018,95
USW00023183,"PHOENIX AIRPORT, AZ US",9/19/2018,89
USW00023183,"PHOENIX AIRPORT, AZ US",9/20/2018,80
USW00023183,"PHOENIX AIRPORT, AZ US",9/21/2018,88
USW00023183,"PHOENIX AIRPORT, AZ US",9/22/2018,91
USW00023183,"PHOENIX AIRPORT, AZ US",9/23/2018,92
USW00023183,"PHOENIX AIRPORT, AZ US",9/24/2018,91
USW00023183,"PHOENIX AIRPORT, AZ US",9/25/2018,91
USW00023183,"PHOENIX AIRPORT, AZ US",9/26/2018,90
USW00023183,"PHOENIX AIRPORT, AZ US",9/27/2018,90
USW00023183,"PHOENIX AIRPORT, AZ US",9/28/2018,91
USW00023183,"PHOENIX AIRPORT, AZ US",9/29/2018,92
USW00023183,"PHOENIX AIRPORT, AZ US",9/30/2018,90
USW00023183,"PHOENIX AIRPORT, AZ US",10/1/2018,75
USW00023183,"PHOENIX AIRPORT, AZ US",10/2/2018,74
USW00023183,"PHOENIX AIRPORT, AZ US",10/3/2018,77
USW00023183,"PHOENIX AIRPORT, AZ US",10/4/2018,80
USW00023183,"PHOENIX AIRPORT, AZ US",10/5/2018,78
USW00023183,"PHOENIX AIRPORT, AZ US",10/6/2018,77
USW00023183,"PHOENIX AIRPORT, AZ US",10/7/2018,70
USW00023183,"PHOENIX AIRPORT, AZ US",10/8/2018,67
USW00023183,"PHOENIX AIRPORT, AZ US",10/9/2018,69
USW00023183,"PHOENIX AIRPORT, AZ US",10/10/2018,71
USW00023183,"PHOENIX AIRPORT, AZ US",10/11/2018,75
USW00023183,"PHOENIX AIRPORT, AZ US",10/12/2018,74
USW00023183,"PHOENIX AIRPORT, AZ US",10/13/2018,71
USW00023183,"PHOENIX AIRPORT, AZ US",10/14/2018,67
USW00023183,"PHOENIX AIRPORT, AZ US",10/15/2018,70
USW00023183,"PHOENIX AIRPORT, AZ US",10/16/2018,66
USW00023183,"PHOENIX AIRPORT, AZ US",10/17/2018,66
USW00023183,"PHOENIX AIRPORT, AZ US",10/18/2018,70
USW00023183,"PHOENIX AIRPORT, AZ US",10/19/2018,74
USW00023183,"PHOENIX AIRPORT, AZ US",10/20/2018,80
USW00023183,"PHOENIX AIRPORT, AZ US",10/21/2018,82
USW00023183,"PHOENIX AIRPORT, AZ US",10/22/2018,78
USW00023183,"PHOENIX AIRPORT, AZ US",10/23/2018,79
USW00023183,"PHOENIX AIRPORT, AZ US",10/24/2018,73
USW00023183,"PHOENIX AIRPORT, AZ US",10/25/2018,74
USW00023183,"PHOENIX AIRPORT, AZ US",10/26/2018,75
USW00023183,"PHOENIX AIRPORT, AZ US",10/27/2018,75
USW00023183,"PHOENIX AIRPORT, AZ US",10/28/2018,76
USW00023183,"PHOENIX AIRPORT, AZ US",10/29/2018,76
USW00023183,"PHOENIX AIRPORT, AZ US",10/30/2018,76
USW00023183,"PHOENIX AIRPORT, AZ US",10/31/2018,70
USW00023183,"PHOENIX AIRPORT, AZ US",11/1/2018,65
USW00023183,"PHOENIX AIRPORT, AZ US",11/2/2018,67
USW00023183,"PHOENIX AIRPORT, AZ US",11/3/2018,69
USW00023183,"PHOENIX AIRPORT, AZ US",11/4/2018,70
USW00023183,"PHOENIX AIRPORT, AZ US",11/5/2018,70
USW00023183,"PHOENIX AIRPORT, AZ US",11/6/2018,71
USW00023183,"PHOENIX AIRPORT, AZ US",11/7/2018,71
USW00023183,"PHOENIX AIRPORT, AZ US",11/8/2018,69
USW00023183,"PHOENIX AIRPORT, AZ US",11/9/2018,68
USW00023183,"PHOENIX AIRPORT, AZ US",11/10/2018,68
USW00023183,"PHOENIX AIRPORT, AZ US",11/11/2018,65
USW00023183,"PHOENIX AIRPORT, AZ US",11/12/2018,59
USW00023183,"PHOENIX AIRPORT, AZ US",11/13/2018,58
USW00023183,"PHOENIX AIRPORT, AZ US",11/14/2018,59
USW00023183,"PHOENIX AIRPORT, AZ US",11/15/2018,59
USW00023183,"PHOENIX AIRPORT, AZ US",11/16/2018,62
USW00023183,"PHOENIX AIRPORT, AZ US",11/17/2018,61
USW00023183,"PHOENIX AIRPORT, AZ US",11/18/2018,61
USW00023183,"PHOENIX AIRPORT, AZ US",11/19/2018,61
USW00023183,"PHOENIX AIRPORT, AZ US",11/20/2018,64
USW00023183,"PHOENIX AIRPORT, AZ US",11/21/2018,63
USW00023183,"PHOENIX AIRPORT, AZ US",11/22/2018,61
USW00023183,"PHOENIX AIRPORT, AZ US",11/23/2018,59
USW00023183,"PHOENIX AIRPORT, AZ US",11/24/2018,59
USW00023183,"PHOENIX AIRPORT, AZ US",11/25/2018,61
USW00023183,"PHOENIX AIRPORT, AZ US",11/26/2018,60
USW00023183,"PHOENIX AIRPORT, AZ US",11/27/2018,62
USW00023183,"PHOENIX AIRPORT, AZ US",11/28/2018,62
USW00023183,"PHOENIX AIRPORT, AZ US",11/29/2018,60
USW00023183,"PHOENIX AIRPORT, AZ US",11/30/2018,58
USW00023183,"PHOENIX AIRPORT, AZ US",12/1/2018,56
USW00023183,"PHOENIX AIRPORT, AZ US",12/2/2018,57
USW00023183,"PHOENIX AIRPORT, AZ US",12/3/2018,52
USW00023183,"PHOENIX AIRPORT, AZ US",12/4/2018,53
USW00023183,"PHOENIX AIRPORT, AZ US",12/5/2018,57
USW00023183,"PHOENIX AIRPORT, AZ US",12/6/2018,58
USW00023183,"PHOENIX AIRPORT, AZ US",12/7/2018,59
USW00023183,"PHOENIX AIRPORT, AZ US",12/8/2018,58
USW00023183,"PHOENIX AIRPORT, AZ US",12/9/2018,58
USW00023183,"PHOENIX AIRPORT, AZ US",12/10/2018,60
USW00023183,"PHOENIX AIRPORT, AZ US",12/11/2018,63
USW00023183,"PHOENIX AIRPORT, AZ US",12/12/2018,57
USW00023183,"PHOENIX AIRPORT, AZ US",12/13/2018,56
USW00023183,"PHOENIX AIRPORT, AZ US",12/14/2018,54
USW00023183,"PHOENIX AIRPORT, AZ US",12/15/2018,57
USW00023183,"PHOENIX AIRPORT, AZ US",12/16/2018,57
USW00023183,"PHOENIX AIRPORT, AZ US",12/17/2018,57
USW00023183,"PHOENIX AIRPORT, AZ US",12/18/2018,58
USW00023183,"PHOENIX AIRPORT, AZ US",12/19/2018,56
USW00023183,"PHOENIX AIRPORT, AZ US",12/20/2018,57
USW00023183,"PHOENIX AIRPORT, AZ US",12/21/2018,58
USW00023183,"PHOENIX AIRPORT, AZ US",12/22/2018,58
USW00023183,"PHOENIX AIRPORT, AZ US",12/23/2018,58
USW00023183,"PHOENIX AIRPORT, AZ US",12/24/2018,59
USW00023183,"PHOENIX AIRPORT, AZ US",12/25/2018,56
USW00023183,"PHOENIX AIRPORT, AZ US",12/26/2018,53
USW00023183,"PHOENIX AIRPORT, AZ US",12/27/2018,51
USW00023183,"PHOENIX AIRPORT, AZ US",12/28/2018,49
USW00023183,"PHOENIX AIRPORT, AZ US",12/29/2018,45
USW00023183,"PHOENIX AIRPORT, AZ US",12/30/2018,47
USW00023183,"PHOENIX AIRPORT, AZ US",12/31/2018,44
USW00023183,"PHOENIX AIRPORT, AZ US",1/1/2019,43
USW00023183,"PHOENIX AIRPORT, AZ US",1/2/2019,41
USW00023183,"PHOENIX AIRPORT, AZ US",1/3/2019,43
USW00023183,"PHOENIX AIRPORT, AZ US",1/4/2019,48
USW00023183,"PHOENIX AIRPORT, AZ US",1/5/2019,54
USW00023183,"PHOENIX AIRPORT, AZ US",1/6/2019,54
USW00023183,"PHOENIX AIRPORT, AZ US",1/7/2019,51
USW00023183,"PHOENIX AIRPORT, AZ US",1/8/2019,54
USW00023183,"PHOENIX AIRPORT, AZ US",1/9/2019,58
USW00023183,"PHOENIX AIRPORT, AZ US",1/10/2019,60
USW00023183,"PHOENIX AIRPORT, AZ US",1/11/2019,55
USW00023183,"PHOENIX AIRPORT, AZ US",1/12/2019,56
USW00023183,"PHOENIX AIRPORT, AZ US",1/13/2019,55
USW00023183,"PHOENIX AIRPORT, AZ US",1/14/2019,57
USW00023183,"PHOENIX AIRPORT, AZ US",1/15/2019,60
USW00023183,"PHOENIX AIRPORT, AZ US",1/16/2019,57
USW00023183,"PHOENIX AIRPORT, AZ US",1/17/2019,58
USW00023183,"PHOENIX AIRPORT, AZ US",1/18/2019,61
USW00023183,"PHOENIX AIRPORT, AZ US",1/19/2019,59
USW00023183,"PHOENIX AIRPORT, AZ US",1/20/2019,58
USW00023183,"PHOENIX AIRPORT, AZ US",1/21/2019,59
USW00023183,"PHOENIX AIRPORT, AZ US",1/22/2019,53
USW00023183,"PHOENIX AIRPORT, AZ US",1/23/2019,52
USW00023183,"PHOENIX AIRPORT, AZ US",1/24/2019,52
USW00023183,"PHOENIX AIRPORT, AZ US",1/25/2019,56
USW00023183,"PHOENIX AIRPORT, AZ US",1/26/2019,56
USW00023183,"PHOENIX AIRPORT, AZ US",1/27/2019,58
USW00023183,"PHOENIX AIRPORT, AZ US",1/28/2019,58
USW00023183,"PHOENIX AIRPORT, AZ US",1/29/2019,61
USW00023183,"PHOENIX AIRPORT, AZ US",1/30/2019,63
USW00023183,"PHOENIX AIRPORT, AZ US",1/31/2019,62
USW00023183,"PHOENIX AIRPORT, AZ US",2/1/2019,64
USW00023183,"PHOENIX AIRPORT, AZ US",2/2/2019,63
USW00023183,"PHOENIX AIRPORT, AZ US",2/3/2019,62
USW00023183,"PHOENIX AIRPORT, AZ US",2/4/2019,59
USW00023183,"PHOENIX AIRPORT, AZ US",2/5/2019,57
USW00023183,"PHOENIX AIRPORT, AZ US",2/6/2019,54
USW00023183,"PHOENIX AIRPORT, AZ US",2/7/2019,46
USW00023183,"PHOENIX AIRPORT, AZ US",2/8/2019,49
USW00023183,"PHOENIX AIRPORT, AZ US",2/9/2019,52
USW00023183,"PHOENIX AIRPORT, AZ US",2/10/2019,50
USW00023183,"PHOENIX AIRPORT, AZ US",2/11/2019,52
USW00023183,"PHOENIX AIRPORT, AZ US",2/12/2019,51
USW00023183,"PHOENIX AIRPORT, AZ US",2/13/2019,57
USW00023183,"PHOENIX AIRPORT, AZ US",2/14/2019,59
USW00023183,"PHOENIX AIRPORT, AZ US",2/15/2019,59
USW00023183,"PHOENIX AIRPORT, AZ US",2/16/2019,58
USW00023183,"PHOENIX AIRPORT, AZ US",2/17/2019,51
USW00023183,"PHOENIX AIRPORT, AZ US",2/18/2019,51
USW00023183,"PHOENIX AIRPORT, AZ US",2/19/2019,46
USW00023183,"PHOENIX AIRPORT, AZ US",2/20/2019,46
USW00023183,"PHOENIX AIRPORT, AZ US",2/21/2019,50
USW00023183,"PHOENIX AIRPORT, AZ US",2/22/2019,42
USW00023183,"PHOENIX AIRPORT, AZ US",2/23/2019,43
USW00023183,"PHOENIX AIRPORT, AZ US",2/24/2019,48
USW00023183,"PHOENIX AIRPORT, AZ US",2/25/2019,53
USW00023183,"PHOENIX AIRPORT, AZ US",2/26/2019,57
USW00023183,"PHOENIX AIRPORT, AZ US",2/27/2019,63
USW00023183,"PHOENIX AIRPORT, AZ US",2/28/2019,63
USW00023183,"PHOENIX AIRPORT, AZ US",3/1/2019,65
USW00023183,"PHOENIX AIRPORT, AZ US",3/2/2019,67
USW00023183,"PHOENIX AIRPORT, AZ US",3/3/2019,65
USW00023183,"PHOENIX AIRPORT, AZ US",3/4/2019,64
USW00023183,"PHOENIX AIRPORT, AZ US",3/5/2019,65
USW00023183,"PHOENIX AIRPORT, AZ US",3/6/2019,69
USW00023183,"PHOENIX AIRPORT, AZ US",3/7/2019,69
USW00023183,"PHOENIX AIRPORT, AZ US",3/8/2019,65
USW00023183,"PHOENIX AIRPORT, AZ US",3/9/2019,57
USW00023183,"PHOENIX AIRPORT, AZ US",3/10/2019,58
USW00023183,"PHOENIX AIRPORT, AZ US",3/11/2019,62
USW00023183,"PHOENIX AIRPORT, AZ US",3/12/2019,56
USW00023183,"PHOENIX AIRPORT, AZ US",3/13/2019,56
USW00023183,"PHOENIX AIRPORT, AZ US",3/14/2019,54
USW00023183,"PHOENIX AIRPORT, AZ US",3/15/2019,59
USW00023183,"PHOENIX AIRPORT, AZ US",3/16/2019,68
USW00023183,"PHOENIX AIRPORT, AZ US",3/17/2019,68
USW00023183,"PHOENIX AIRPORT, AZ US",3/18/2019,70
USW00023183,"PHOENIX AIRPORT, AZ US",3/19/2019,72
USW00023183,"PHOENIX AIRPORT, AZ US",3/20/2019,72
USW00023183,"PHOENIX AIRPORT, AZ US",3/21/2019,66
USW00023183,"PHOENIX AIRPORT, AZ US",3/22/2019,61
USW00023183,"PHOENIX AIRPORT, AZ US",3/23/2019,64
USW00023183,"PHOENIX AIRPORT, AZ US",3/24/2019,67
USW00023183,"PHOENIX AIRPORT, AZ US",3/25/2019,70
USW00023183,"PHOENIX AIRPORT, AZ US",3/26/2019,72
USW00023183,"PHOENIX AIRPORT, AZ US",3/27/2019,74
USW00023183,"PHOENIX AIRPORT, AZ US",3/28/2019,71
USW00023183,"PHOENIX AIRPORT, AZ US",3/29/2019,71
USW00023183,"PHOENIX AIRPORT, AZ US",3/30/2019,69
USW00023183,"PHOENIX AIRPORT, AZ US",3/31/2019,70
USW00023183,"PHOENIX AIRPORT, AZ US",4/1/2019,72
USW00023183,"PHOENIX AIRPORT, AZ US",4/2/2019,73
USW00023183,"PHOENIX AIRPORT, AZ US",4/3/2019,72
USW00023183,"PHOENIX AIRPORT, AZ US",4/4/2019,70
USW00023183,"PHOENIX AIRPORT, AZ US",4/5/2019,71
USW00023183,"PHOENIX AIRPORT, AZ US",4/6/2019,72
USW00023183,"PHOENIX AIRPORT, AZ US",4/7/2019,74
USW00023183,"PHOENIX AIRPORT, AZ US",4/8/2019,78
USW00023183,"PHOENIX AIRPORT, AZ US",4/9/2019,82
USW00023183,"PHOENIX AIRPORT, AZ US",4/10/2019,74
USW00023183,"PHOENIX AIRPORT, AZ US",4/11/2019,67
USW00023183,"PHOENIX AIRPORT, AZ US",4/12/2019,70
USW00023183,"PHOENIX AIRPORT, AZ US",4/13/2019,66
USW00023183,"PHOENIX AIRPORT, AZ US",4/14/2019,71
USW00023183,"PHOENIX AIRPORT, AZ US",4/15/2019,76
USW00023183,"PHOENIX AIRPORT, AZ US",4/16/2019,75
USW00023183,"PHOENIX AIRPORT, AZ US",4/17/2019,64
USW00023183,"PHOENIX AIRPORT, AZ US",4/18/2019,73
USW00023183,"PHOENIX AIRPORT, AZ US",4/19/2019,81
USW00023183,"PHOENIX AIRPORT, AZ US",4/20/2019,84
USW00023183,"PHOENIX AIRPORT, AZ US",4/21/2019,80
USW00023183,"PHOENIX AIRPORT, AZ US",4/22/2019,76
USW00023183,"PHOENIX AIRPORT, AZ US",4/23/2019,77
USW00023183,"PHOENIX AIRPORT, AZ US",4/24/2019,76
USW00023183,"PHOENIX AIRPORT, AZ US",4/25/2019,83
USW00023183,"PHOENIX AIRPORT, AZ US",4/26/2019,87
USW00023183,"PHOENIX AIRPORT, AZ US",4/27/2019,87
USW00023183,"PHOENIX AIRPORT, AZ US",4/28/2019,84
USW00023183,"PHOENIX AIRPORT, AZ US",4/29/2019,85
USW00023183,"PHOENIX AIRPORT, AZ US",4/30/2019,71
